Data_Ref|Data_Agendada|Data_Encerramento|Diretoria|Empresa|Regiao|Prod 1|Prod 2|Prod 3|Combo|ID_Origem|Simulado|Duracao_Minutos|Prazo|ID_Pedido
01/07/2025 00:00|06/07/2025 15:11|06/07/2025 17:09|Dir.2|Empresa 3|Reg 11|0|1|1|0|SIM-LINHA-000006|Sim|118|Dentro do prazo|SIM-LINHA-000006
07/07/2025 00:00|08/07/2025 15:57|08/07/2025 16:56|Dir.2|Empresa 3|Reg 11|0|1|1|0|SIM-LINHA-000008|Sim|59|Dentro do prazo|SIM-LINHA-000008
09/07/2025 00:00|09/07/2025 14:40|09/07/2025 16:17|Dir.2|Empresa 3|Reg 11|0|0|1|0|SIM-LINHA-000009|Sim|97|Dentro do prazo|SIM-LINHA-000009
08/07/2025 00:00|11/07/2025 15:08|11/07/2025 15:28|Dir.2|Empresa 3|Reg 11|1|1|0|0|SIM-LINHA-000011|Sim|20|Dentro do prazo|SIM-LINHA-000011
13/07/2025 00:00|13/07/2025 16:24|13/07/2025 17:15|Dir.2|Empresa 3|Reg 11|0|1|0|0|SIM-LINHA-000013|Sim|51|Dentro do prazo|SIM-LINHA-000013
08/07/2025 00:00|14/07/2025 16:21|14/07/2025 19:00|Dir.2|Empresa 3|Reg 11|0|0|1|0|SIM-LINHA-000014|Sim|159|Fora do prazo|SIM-LINHA-000014
08/07/2025 00:00|15/07/2025 16:38|15/07/2025 19:11|Dir.2|Empresa 3|Reg 11|1|0|0|0|SIM-LINHA-000015|Sim|153|Fora do prazo|SIM-LINHA-000015
15/07/2025 00:00|16/07/2025 16:02|16/07/2025 16:54|Dir.2|Empresa 3|Reg 11|1|0|0|0|SIM-LINHA-000016|Sim|52|Dentro do prazo|SIM-LINHA-000016
16/07/2025 00:00|17/07/2025 14:29|17/07/2025 16:06|Dir.2|Empresa 3|Reg 11|0|0|1|0|SIM-LINHA-000017|Sim|97|Dentro do prazo|SIM-LINHA-000017
15/07/2025 00:00|18/07/2025 16:11|18/07/2025 18:54|Dir.2|Empresa 3|Reg 11|0|1|1|0|SIM-LINHA-000018|Sim|163|Fora do prazo|SIM-LINHA-000018
18/07/2025 00:00|20/07/2025 15:19|20/07/2025 18:08|Dir.2|Empresa 3|Reg 11|0|1|0|0|SIM-LINHA-000020|Sim|169|Fora do prazo|SIM-LINHA-000020
21/07/2025 00:00|22/07/2025 14:47|22/07/2025 15:12|Dir.2|Empresa 3|Reg 11|1|0|0|0|SIM-LINHA-000022|Sim|25|Dentro do prazo|SIM-LINHA-000022
22/07/2025 00:00|23/07/2025 15:43|23/07/2025 17:54|Dir.2|Empresa 3|Reg 11|0|0|1|0|SIM-LINHA-000023|Sim|131|Fora do prazo|SIM-LINHA-000023
23/07/2025 00:00|24/07/2025 16:42|24/07/2025 19:00|Dir.2|Empresa 3|Reg 11|0|1|1|0|SIM-LINHA-000024|Sim|138|Fora do prazo|SIM-LINHA-000024
24/07/2025 00:00|25/07/2025 17:10|25/07/2025 19:01|Dir.2|Empresa 3|Reg 11|0|0|1|0|SIM-LINHA-000025|Sim|111|Dentro do prazo|SIM-LINHA-000025
14/07/2025 00:00|26/07/2025 14:28|26/07/2025 16:27|Dir.2|Empresa 3|Reg 11|0|1|1|0|SIM-LINHA-000026|Sim|119|Dentro do prazo|SIM-LINHA-000026
22/07/2025 00:00|27/07/2025 15:29|27/07/2025 16:48|Dir.2|Empresa 3|Reg 11|1|0|0|0|SIM-LINHA-000027|Sim|79|Dentro do prazo|SIM-LINHA-000027
29/07/2025 00:00|30/07/2025 17:24|30/07/2025 17:55|Dir.2|Empresa 3|Reg 11|1|0|1|0|SIM-LINHA-000030|Sim|31|Dentro do prazo|SIM-LINHA-000030
30/07/2025 00:00|31/07/2025 14:42|31/07/2025 15:46|Dir.2|Empresa 3|Reg 11|0|1|0|0|SIM-LINHA-000031|Sim|64|Dentro do prazo|SIM-LINHA-000031
01/08/2025 00:00|02/08/2025 14:47|02/08/2025 17:09|Dir.2|Empresa 3|Reg 11|0|1|1|0|SIM-LINHA-000033|Sim|142|Fora do prazo|SIM-LINHA-000033
03/08/2025 00:00|03/08/2025 14:46|03/08/2025 15:14|Dir.2|Empresa 3|Reg 11|1|1|0|0|SIM-LINHA-000034|Sim|28|Dentro do prazo|SIM-LINHA-000034
05/08/2025 00:00|06/08/2025 17:09|06/08/2025 18:03|Dir.2|Empresa 3|Reg 11|0|1|1|0|SIM-LINHA-000037|Sim|54|Dentro do prazo|SIM-LINHA-000037
06/08/2025 00:00|07/08/2025 16:14|07/08/2025 18:13|Dir.2|Empresa 3|Reg 11|0|0|1|0|SIM-LINHA-000038|Sim|119|Dentro do prazo|SIM-LINHA-000038
06/08/2025 00:00|08/08/2025 15:02|08/08/2025 15:44|Dir.2|Empresa 3|Reg 11|0|0|1|0|SIM-LINHA-000039|Sim|42|Dentro do prazo|SIM-LINHA-000039
11/08/2025 00:00|11/08/2025 15:43|11/08/2025 18:29|Dir.2|Empresa 3|Reg 11|1|0|1|0|SIM-LINHA-000042|Sim|166|Fora do prazo|SIM-LINHA-000042
12/08/2025 00:00|13/08/2025 16:32|13/08/2025 18:01|Dir.2|Empresa 3|Reg 11|1|0|1|0|SIM-LINHA-000044|Sim|89|Dentro do prazo|SIM-LINHA-000044
13/08/2025 00:00|14/08/2025 15:54|14/08/2025 17:44|Dir.2|Empresa 3|Reg 11|1|0|0|0|SIM-LINHA-000045|Sim|110|Dentro do prazo|SIM-LINHA-000045
14/08/2025 00:00|15/08/2025 15:12|15/08/2025 15:32|Dir.2|Empresa 3|Reg 11|0|0|1|0|SIM-LINHA-000046|Sim|20|Dentro do prazo|SIM-LINHA-000046
13/08/2025 00:00|18/08/2025 17:18|18/08/2025 19:41|Dir.2|Empresa 3|Reg 11|0|1|0|0|SIM-LINHA-000049|Sim|143|Fora do prazo|SIM-LINHA-000049
18/08/2025 00:00|19/08/2025 14:27|19/08/2025 15:04|Dir.2|Empresa 3|Reg 11|0|1|1|0|SIM-LINHA-000050|Sim|37|Dentro do prazo|SIM-LINHA-000050
15/08/2025 00:00|20/08/2025 15:28|20/08/2025 17:15|Dir.2|Empresa 3|Reg 11|0|1|0|0|SIM-LINHA-000051|Sim|107|Dentro do prazo|SIM-LINHA-000051
21/08/2025 00:00|22/08/2025 15:47|22/08/2025 17:41|Dir.2|Empresa 3|Reg 11|0|1|0|0|SIM-LINHA-000053|Sim|114|Dentro do prazo|SIM-LINHA-000053
19/08/2025 00:00|23/08/2025 15:20|23/08/2025 17:05|Dir.2|Empresa 3|Reg 11|0|1|0|0|SIM-LINHA-000054|Sim|105|Dentro do prazo|SIM-LINHA-000054
14/08/2025 00:00|24/08/2025 15:40|24/08/2025 17:20|Dir.2|Empresa 3|Reg 11|1|1|1|1|SIM-LINHA-000055|Sim|100|Dentro do prazo|SIM-LINHA-000055
25/08/2025 00:00|25/08/2025 17:09|25/08/2025 17:56|Dir.2|Empresa 3|Reg 11|1|1|0|0|SIM-LINHA-000056|Sim|47|Dentro do prazo|SIM-LINHA-000056
11/08/2025 00:00|28/08/2025 14:39|28/08/2025 16:07|Dir.2|Empresa 3|Reg 11|0|1|0|0|SIM-LINHA-000059|Sim|88|Dentro do prazo|SIM-LINHA-000059
18/08/2025 00:00|29/08/2025 16:48|29/08/2025 17:10|Dir.2|Empresa 3|Reg 11|1|1|0|0|SIM-LINHA-000060|Sim|22|Dentro do prazo|SIM-LINHA-000060
18/08/2025 00:00|30/08/2025 16:23|30/08/2025 18:13|Dir.2|Empresa 3|Reg 11|1|0|1|0|SIM-LINHA-000061|Sim|110|Dentro do prazo|SIM-LINHA-000061
24/08/2025 00:00|31/08/2025 16:31|31/08/2025 17:25|Dir.2|Empresa 3|Reg 11|0|0|1|0|SIM-LINHA-000062|Sim|54|Dentro do prazo|SIM-LINHA-000062
01/09/2025 00:00|02/09/2025 15:16|02/09/2025 16:35|Dir.2|Empresa 3|Reg 11|0|1|1|0|SIM-LINHA-000064|Sim|79|Dentro do prazo|SIM-LINHA-000064
02/09/2025 00:00|03/09/2025 15:29|03/09/2025 17:13|Dir.2|Empresa 3|Reg 11|0|1|0|0|SIM-LINHA-000065|Sim|104|Dentro do prazo|SIM-LINHA-000065
03/09/2025 00:00|04/09/2025 15:34|04/09/2025 17:50|Dir.2|Empresa 3|Reg 11|0|1|1|0|SIM-LINHA-000066|Sim|136|Fora do prazo|SIM-LINHA-000066
04/09/2025 00:00|05/09/2025 16:22|05/09/2025 17:21|Dir.2|Empresa 3|Reg 11|0|1|0|0|SIM-LINHA-000067|Sim|59|Dentro do prazo|SIM-LINHA-000067
05/09/2025 00:00|06/09/2025 15:24|06/09/2025 15:59|Dir.2|Empresa 3|Reg 11|1|1|0|0|SIM-LINHA-000068|Sim|35|Dentro do prazo|SIM-LINHA-000068
02/09/2025 00:00|07/09/2025 17:20|07/09/2025 17:41|Dir.2|Empresa 3|Reg 11|0|0|1|0|SIM-LINHA-000069|Sim|21|Dentro do prazo|SIM-LINHA-000069
08/09/2025 00:00|08/09/2025 14:30|08/09/2025 15:29|Dir.2|Empresa 3|Reg 11|0|0|1|0|SIM-LINHA-000070|Sim|59|Dentro do prazo|SIM-LINHA-000070
08/09/2025 00:00|09/09/2025 15:42|09/09/2025 16:48|Dir.2|Empresa 3|Reg 11|0|1|0|0|SIM-LINHA-000071|Sim|66|Dentro do prazo|SIM-LINHA-000071
10/09/2025 00:00|11/09/2025 16:55|11/09/2025 18:28|Dir.2|Empresa 3|Reg 11|1|0|0|0|SIM-LINHA-000073|Sim|93|Dentro do prazo|SIM-LINHA-000073
12/09/2025 00:00|13/09/2025 16:27|13/09/2025 18:23|Dir.2|Empresa 3|Reg 11|1|0|1|0|SIM-LINHA-000075|Sim|116|Dentro do prazo|SIM-LINHA-000075
12/09/2025 00:00|14/09/2025 15:26|14/09/2025 17:12|Dir.2|Empresa 3|Reg 11|0|1|1|0|SIM-LINHA-000076|Sim|106|Dentro do prazo|SIM-LINHA-000076
14/09/2025 00:00|15/09/2025 15:43|15/09/2025 16:23|Dir.2|Empresa 3|Reg 11|1|0|0|0|SIM-LINHA-000077|Sim|40|Dentro do prazo|SIM-LINHA-000077
16/09/2025 00:00|17/09/2025 16:04|17/09/2025 16:26|Dir.2|Empresa 3|Reg 11|0|1|1|0|SIM-LINHA-000079|Sim|22|Dentro do prazo|SIM-LINHA-000079
08/09/2025 00:00|18/09/2025 16:16|18/09/2025 17:51|Dir.2|Empresa 3|Reg 11|1|0|1|0|SIM-LINHA-000080|Sim|95|Dentro do prazo|SIM-LINHA-000080
18/09/2025 00:00|19/09/2025 17:15|19/09/2025 18:33|Dir.2|Empresa 3|Reg 11|0|0|1|0|SIM-LINHA-000081|Sim|78|Dentro do prazo|SIM-LINHA-000081
09/09/2025 00:00|20/09/2025 14:55|20/09/2025 17:08|Dir.2|Empresa 3|Reg 11|1|0|1|0|SIM-LINHA-000082|Sim|133|Fora do prazo|SIM-LINHA-000082
15/09/2025 00:00|21/09/2025 16:04|21/09/2025 16:50|Dir.2|Empresa 3|Reg 11|1|0|0|0|SIM-LINHA-000083|Sim|46|Dentro do prazo|SIM-LINHA-000083
22/09/2025 00:00|22/09/2025 14:30|22/09/2025 14:50|Dir.2|Empresa 3|Reg 11|0|1|1|0|SIM-LINHA-000084|Sim|20|Dentro do prazo|SIM-LINHA-000084
22/09/2025 00:00|23/09/2025 17:20|23/09/2025 19:08|Dir.2|Empresa 3|Reg 11|0|1|0|0|SIM-LINHA-000085|Sim|108|Dentro do prazo|SIM-LINHA-000085
24/09/2025 00:00|25/09/2025 15:13|25/09/2025 16:44|Dir.2|Empresa 3|Reg 11|0|0|1|0|SIM-LINHA-000087|Sim|91|Dentro do prazo|SIM-LINHA-000087
22/09/2025 00:00|26/09/2025 15:53|26/09/2025 17:52|Dir.2|Empresa 3|Reg 11|1|0|1|0|SIM-LINHA-000088|Sim|119|Dentro do prazo|SIM-LINHA-000088
26/09/2025 00:00|27/09/2025 17:21|27/09/2025 18:34|Dir.2|Empresa 3|Reg 11|1|0|1|0|SIM-LINHA-000089|Sim|73|Dentro do prazo|SIM-LINHA-000089
18/09/2025 00:00|28/09/2025 15:08|28/09/2025 15:50|Dir.2|Empresa 3|Reg 11|1|1|0|0|SIM-LINHA-000090|Sim|42|Dentro do prazo|SIM-LINHA-000090
29/09/2025 00:00|29/09/2025 17:18|29/09/2025 18:56|Dir.2|Empresa 3|Reg 11|0|0|1|0|SIM-LINHA-000091|Sim|98|Dentro do prazo|SIM-LINHA-000091
29/09/2025 00:00|30/09/2025 16:12|30/09/2025 18:36|Dir.2|Empresa 3|Reg 11|0|1|1|0|SIM-LINHA-000092|Sim|144|Fora do prazo|SIM-LINHA-000092
01/07/2025 00:00|02/07/2025 15:15|02/07/2025 16:12|Dir.2|Empresa 3|Reg 11|1|1|0|0|SIM-LINHA-000094|Sim|57|Dentro do prazo|SIM-LINHA-000094
04/07/2025 00:00|05/07/2025 14:30|05/07/2025 14:59|Dir.2|Empresa 3|Reg 11|0|1|1|0|SIM-LINHA-000097|Sim|29|Dentro do prazo|SIM-LINHA-000097
07/07/2025 00:00|07/07/2025 16:20|07/07/2025 17:57|Dir.2|Empresa 3|Reg 11|1|0|0|0|SIM-LINHA-000099|Sim|97|Dentro do prazo|SIM-LINHA-000099
07/07/2025 00:00|08/07/2025 16:48|08/07/2025 19:40|Dir.2|Empresa 3|Reg 11|1|0|1|0|SIM-LINHA-000100|Sim|172|Fora do prazo|SIM-LINHA-000100
09/07/2025 00:00|10/07/2025 16:33|10/07/2025 17:36|Dir.2|Empresa 3|Reg 11|0|1|1|0|SIM-LINHA-000102|Sim|63|Dentro do prazo|SIM-LINHA-000102
10/07/2025 00:00|11/07/2025 15:50|11/07/2025 18:36|Dir.2|Empresa 3|Reg 11|1|1|0|0|SIM-LINHA-000103|Sim|166|Fora do prazo|SIM-LINHA-000103
09/07/2025 00:00|12/07/2025 15:43|12/07/2025 16:52|Dir.2|Empresa 3|Reg 11|0|0|1|0|SIM-LINHA-000104|Sim|69|Dentro do prazo|SIM-LINHA-000104
12/07/2025 00:00|13/07/2025 14:51|13/07/2025 16:20|Dir.2|Empresa 3|Reg 11|1|0|0|0|SIM-LINHA-000105|Sim|89|Dentro do prazo|SIM-LINHA-000105
09/07/2025 00:00|14/07/2025 17:02|14/07/2025 17:35|Dir.2|Empresa 3|Reg 11|0|1|0|0|SIM-LINHA-000106|Sim|33|Dentro do prazo|SIM-LINHA-000106
14/07/2025 00:00|15/07/2025 16:25|15/07/2025 17:49|Dir.2|Empresa 3|Reg 11|0|1|0|0|SIM-LINHA-000107|Sim|84|Dentro do prazo|SIM-LINHA-000107
15/07/2025 00:00|16/07/2025 17:22|16/07/2025 20:06|Dir.2|Empresa 3|Reg 11|0|1|0|0|SIM-LINHA-000108|Sim|164|Fora do prazo|SIM-LINHA-000108
16/07/2025 00:00|17/07/2025 16:37|17/07/2025 18:13|Dir.2|Empresa 3|Reg 11|1|0|0|0|SIM-LINHA-000109|Sim|96|Dentro do prazo|SIM-LINHA-000109
17/07/2025 00:00|18/07/2025 16:44|18/07/2025 18:28|Dir.2|Empresa 3|Reg 11|0|1|0|0|SIM-LINHA-000110|Sim|104|Dentro do prazo|SIM-LINHA-000110
18/07/2025 00:00|19/07/2025 15:37|19/07/2025 17:35|Dir.2|Empresa 3|Reg 11|1|0|0|0|SIM-LINHA-000111|Sim|118|Dentro do prazo|SIM-LINHA-000111
20/07/2025 00:00|21/07/2025 15:02|21/07/2025 15:53|Dir.2|Empresa 3|Reg 11|0|1|0|0|SIM-LINHA-000113|Sim|51|Dentro do prazo|SIM-LINHA-000113
21/07/2025 00:00|22/07/2025 16:28|22/07/2025 18:09|Dir.2|Empresa 3|Reg 11|0|0|1|0|SIM-LINHA-000114|Sim|101|Dentro do prazo|SIM-LINHA-000114
22/07/2025 00:00|23/07/2025 17:08|23/07/2025 18:43|Dir.2|Empresa 3|Reg 11|0|1|1|0|SIM-LINHA-000115|Sim|95|Dentro do prazo|SIM-LINHA-000115
23/07/2025 00:00|24/07/2025 15:58|24/07/2025 17:01|Dir.2|Empresa 3|Reg 11|0|0|1|0|SIM-LINHA-000116|Sim|63|Dentro do prazo|SIM-LINHA-000116
23/07/2025 00:00|26/07/2025 15:32|26/07/2025 16:35|Dir.2|Empresa 3|Reg 11|0|0|1|0|SIM-LINHA-000118|Sim|63|Dentro do prazo|SIM-LINHA-000118
21/07/2025 00:00|27/07/2025 16:34|27/07/2025 17:45|Dir.2|Empresa 3|Reg 11|1|1|0|0|SIM-LINHA-000119|Sim|71|Dentro do prazo|SIM-LINHA-000119
28/07/2025 00:00|28/07/2025 16:40|28/07/2025 19:02|Dir.2|Empresa 3|Reg 11|1|0|0|0|SIM-LINHA-000120|Sim|142|Fora do prazo|SIM-LINHA-000120
29/07/2025 00:00|30/07/2025 14:34|30/07/2025 16:10|Dir.2|Empresa 3|Reg 11|0|1|1|0|SIM-LINHA-000122|Sim|96|Dentro do prazo|SIM-LINHA-000122
30/07/2025 00:00|31/07/2025 16:06|31/07/2025 17:51|Dir.2|Empresa 3|Reg 11|0|1|0|0|SIM-LINHA-000123|Sim|105|Dentro do prazo|SIM-LINHA-000123
02/08/2025 00:00|03/08/2025 14:46|03/08/2025 16:14|Dir.2|Empresa 3|Reg 11|1|0|0|0|SIM-LINHA-000126|Sim|88|Dentro do prazo|SIM-LINHA-000126
04/08/2025 00:00|04/08/2025 15:31|04/08/2025 18:11|Dir.2|Empresa 3|Reg 11|1|1|1|1|SIM-LINHA-000127|Sim|160|Fora do prazo|SIM-LINHA-000127
05/08/2025 00:00|05/08/2025 16:00|05/08/2025 16:34|Dir.2|Empresa 3|Reg 11|0|0|1|0|SIM-LINHA-000128|Sim|34|Dentro do prazo|SIM-LINHA-000128
06/08/2025 00:00|07/08/2025 16:52|07/08/2025 18:50|Dir.2|Empresa 3|Reg 11|0|1|1|0|SIM-LINHA-000130|Sim|118|Dentro do prazo|SIM-LINHA-000130
07/08/2025 00:00|08/08/2025 17:06|08/08/2025 19:00|Dir.2|Empresa 3|Reg 11|0|0|1|0|SIM-LINHA-000131|Sim|114|Dentro do prazo|SIM-LINHA-000131
05/08/2025 00:00|09/08/2025 14:51|09/08/2025 15:23|Dir.2|Empresa 3|Reg 11|0|0|1|0|SIM-LINHA-000132|Sim|32|Dentro do prazo|SIM-LINHA-000132
12/08/2025 00:00|13/08/2025 16:41|13/08/2025 18:15|Dir.2|Empresa 3|Reg 11|1|1|1|1|SIM-LINHA-000136|Sim|94|Dentro do prazo|SIM-LINHA-000136
13/08/2025 00:00|14/08/2025 16:06|14/08/2025 17:09|Dir.2|Empresa 3|Reg 11|1|0|1|0|SIM-LINHA-000137|Sim|63|Dentro do prazo|SIM-LINHA-000137
18/08/2025 00:00|18/08/2025 15:26|18/08/2025 17:09|Dir.2|Empresa 3|Reg 11|0|0|1|0|SIM-LINHA-000141|Sim|103|Dentro do prazo|SIM-LINHA-000141
21/08/2025 00:00|22/08/2025 14:43|22/08/2025 16:33|Dir.2|Empresa 3|Reg 11|1|0|1|0|SIM-LINHA-000145|Sim|110|Dentro do prazo|SIM-LINHA-000145
22/08/2025 00:00|23/08/2025 17:15|23/08/2025 17:57|Dir.2|Empresa 3|Reg 11|0|0|1|0|SIM-LINHA-000146|Sim|42|Dentro do prazo|SIM-LINHA-000146
19/08/2025 00:00|24/08/2025 17:06|24/08/2025 18:16|Dir.2|Empresa 3|Reg 11|1|0|0|0|SIM-LINHA-000147|Sim|70|Dentro do prazo|SIM-LINHA-000147
26/08/2025 00:00|27/08/2025 16:31|27/08/2025 17:39|Dir.2|Empresa 3|Reg 11|0|1|1|0|SIM-LINHA-000150|Sim|68|Dentro do prazo|SIM-LINHA-000150
27/08/2025 00:00|28/08/2025 16:57|28/08/2025 17:38|Dir.2|Empresa 3|Reg 11|1|0|0|0|SIM-LINHA-000151|Sim|41|Dentro do prazo|SIM-LINHA-000151
19/08/2025 00:00|29/08/2025 16:32|29/08/2025 17:45|Dir.2|Empresa 3|Reg 11|0|1|1|0|SIM-LINHA-000152|Sim|73|Dentro do prazo|SIM-LINHA-000152
17/08/2025 00:00|30/08/2025 14:34|30/08/2025 17:34|Dir.2|Empresa 3|Reg 11|1|0|0|0|SIM-LINHA-000153|Sim|180|Fora do prazo|SIM-LINHA-000153
31/08/2025 00:00|31/08/2025 16:26|31/08/2025 18:41|Dir.2|Empresa 3|Reg 11|0|0|1|0|SIM-LINHA-000154|Sim|135|Fora do prazo|SIM-LINHA-000154
20/08/2025 00:00|01/09/2025 16:49|01/09/2025 18:43|Dir.2|Empresa 3|Reg 11|0|1|1|0|SIM-LINHA-000155|Sim|114|Dentro do prazo|SIM-LINHA-000155
01/09/2025 00:00|02/09/2025 16:40|02/09/2025 19:10|Dir.2|Empresa 3|Reg 11|0|0|1|0|SIM-LINHA-000156|Sim|150|Fora do prazo|SIM-LINHA-000156
02/09/2025 00:00|03/09/2025 14:45|03/09/2025 15:58|Dir.2|Empresa 3|Reg 11|0|0|1|0|SIM-LINHA-000157|Sim|73|Dentro do prazo|SIM-LINHA-000157
03/09/2025 00:00|04/09/2025 16:30|04/09/2025 16:55|Dir.2|Empresa 3|Reg 11|1|0|0|0|SIM-LINHA-000158|Sim|25|Dentro do prazo|SIM-LINHA-000158
04/09/2025 00:00|05/09/2025 15:30|05/09/2025 18:17|Dir.2|Empresa 3|Reg 11|0|1|1|0|SIM-LINHA-000159|Sim|167|Fora do prazo|SIM-LINHA-000159
03/09/2025 00:00|08/09/2025 14:30|08/09/2025 17:13|Dir.2|Empresa 3|Reg 11|1|0|1|0|SIM-LINHA-000162|Sim|163|Fora do prazo|SIM-LINHA-000162
08/09/2025 00:00|09/09/2025 15:22|09/09/2025 18:18|Dir.2|Empresa 3|Reg 11|1|0|0|0|SIM-LINHA-000163|Sim|176|Fora do prazo|SIM-LINHA-000163
11/09/2025 00:00|12/09/2025 15:49|12/09/2025 16:35|Dir.2|Empresa 3|Reg 11|1|0|0|0|SIM-LINHA-000166|Sim|46|Dentro do prazo|SIM-LINHA-000166
02/09/2025 00:00|14/09/2025 14:35|14/09/2025 16:30|Dir.2|Empresa 3|Reg 11|0|0|1|0|SIM-LINHA-000168|Sim|115|Dentro do prazo|SIM-LINHA-000168
17/09/2025 00:00|18/09/2025 16:55|18/09/2025 19:08|Dir.2|Empresa 3|Reg 11|1|0|1|0|SIM-LINHA-000172|Sim|133|Fora do prazo|SIM-LINHA-000172
18/09/2025 00:00|19/09/2025 15:31|19/09/2025 16:00|Dir.2|Empresa 3|Reg 11|0|1|0|0|SIM-LINHA-000173|Sim|29|Dentro do prazo|SIM-LINHA-000173
09/09/2025 00:00|20/09/2025 17:21|20/09/2025 17:46|Dir.2|Empresa 3|Reg 11|0|0|1|0|SIM-LINHA-000174|Sim|25|Dentro do prazo|SIM-LINHA-000174
14/09/2025 00:00|21/09/2025 16:21|21/09/2025 18:00|Dir.2|Empresa 3|Reg 11|0|0|1|0|SIM-LINHA-000175|Sim|99|Dentro do prazo|SIM-LINHA-000175
08/09/2025 00:00|22/09/2025 16:50|22/09/2025 18:17|Dir.2|Empresa 3|Reg 11|1|1|0|0|SIM-LINHA-000176|Sim|87|Dentro do prazo|SIM-LINHA-000176
22/09/2025 00:00|23/09/2025 17:23|23/09/2025 19:05|Dir.2|Empresa 3|Reg 11|0|1|0|0|SIM-LINHA-000177|Sim|102|Dentro do prazo|SIM-LINHA-000177
23/09/2025 00:00|24/09/2025 16:07|24/09/2025 17:09|Dir.2|Empresa 3|Reg 11|0|1|0|0|SIM-LINHA-000178|Sim|62|Dentro do prazo|SIM-LINHA-000178
25/09/2025 00:00|26/09/2025 16:25|26/09/2025 18:20|Dir.2|Empresa 3|Reg 11|0|0|1|0|SIM-LINHA-000180|Sim|115|Dentro do prazo|SIM-LINHA-000180
26/09/2025 00:00|27/09/2025 15:00|27/09/2025 15:59|Dir.2|Empresa 3|Reg 11|1|0|1|0|SIM-LINHA-000181|Sim|59|Dentro do prazo|SIM-LINHA-000181
15/09/2025 00:00|28/09/2025 15:30|28/09/2025 16:31|Dir.2|Empresa 3|Reg 11|1|0|1|0|SIM-LINHA-000182|Sim|61|Dentro do prazo|SIM-LINHA-000182
23/09/2025 00:00|29/09/2025 15:02|29/09/2025 16:07|Dir.2|Empresa 3|Reg 11|0|1|0|0|SIM-LINHA-000183|Sim|65|Dentro do prazo|SIM-LINHA-000183
02/07/2025 00:00|03/07/2025 14:25|03/07/2025 16:16|Dir.2|Empresa 3|Reg 10|0|1|0|0|SIM-LINHA-000187|Sim|111|Dentro do prazo|SIM-LINHA-000187
03/07/2025 00:00|04/07/2025 15:30|04/07/2025 17:12|Dir.2|Empresa 3|Reg 10|0|0|1|0|SIM-LINHA-000188|Sim|102|Dentro do prazo|SIM-LINHA-000188
04/07/2025 00:00|05/07/2025 15:09|05/07/2025 17:33|Dir.2|Empresa 3|Reg 10|1|1|0|0|SIM-LINHA-000189|Sim|144|Fora do prazo|SIM-LINHA-000189
01/07/2025 00:00|06/07/2025 17:05|06/07/2025 17:58|Dir.2|Empresa 3|Reg 10|0|1|0|0|SIM-LINHA-000190|Sim|53|Dentro do prazo|SIM-LINHA-000190
07/07/2025 00:00|08/07/2025 16:10|08/07/2025 18:07|Dir.2|Empresa 3|Reg 10|1|1|0|0|SIM-LINHA-000192|Sim|117|Dentro do prazo|SIM-LINHA-000192
08/07/2025 00:00|09/07/2025 15:10|09/07/2025 15:31|Dir.2|Empresa 3|Reg 10|1|1|1|1|SIM-LINHA-000193|Sim|21|Dentro do prazo|SIM-LINHA-000193
07/07/2025 00:00|11/07/2025 15:18|11/07/2025 18:02|Dir.2|Empresa 3|Reg 10|0|0|1|0|SIM-LINHA-000195|Sim|164|Fora do prazo|SIM-LINHA-000195
11/07/2025 00:00|12/07/2025 16:26|12/07/2025 18:46|Dir.2|Empresa 3|Reg 10|0|0|1|0|SIM-LINHA-000196|Sim|140|Fora do prazo|SIM-LINHA-000196
12/07/2025 00:00|13/07/2025 17:12|13/07/2025 19:35|Dir.2|Empresa 3|Reg 10|0|0|1|0|SIM-LINHA-000197|Sim|143|Fora do prazo|SIM-LINHA-000197
14/07/2025 00:00|14/07/2025 15:47|14/07/2025 16:41|Dir.2|Empresa 3|Reg 10|1|1|0|0|SIM-LINHA-000198|Sim|54|Dentro do prazo|SIM-LINHA-000198
14/07/2025 00:00|15/07/2025 15:17|15/07/2025 17:07|Dir.2|Empresa 3|Reg 10|1|0|0|0|SIM-LINHA-000199|Sim|110|Dentro do prazo|SIM-LINHA-000199
15/07/2025 00:00|20/07/2025 15:04|20/07/2025 17:04|Dir.2|Empresa 3|Reg 10|0|1|1|0|SIM-LINHA-000204|Sim|120|Dentro do prazo|SIM-LINHA-000204
20/07/2025 00:00|21/07/2025 15:26|21/07/2025 16:29|Dir.2|Empresa 3|Reg 10|0|0|1|0|SIM-LINHA-000205|Sim|63|Dentro do prazo|SIM-LINHA-000205
21/07/2025 00:00|22/07/2025 16:01|22/07/2025 16:57|Dir.2|Empresa 3|Reg 10|0|1|0|0|SIM-LINHA-000206|Sim|56|Dentro do prazo|SIM-LINHA-000206
23/07/2025 00:00|24/07/2025 17:19|24/07/2025 20:06|Dir.2|Empresa 3|Reg 10|0|0|1|0|SIM-LINHA-000208|Sim|167|Fora do prazo|SIM-LINHA-000208
28/07/2025 00:00|28/07/2025 15:37|28/07/2025 16:35|Dir.2|Empresa 3|Reg 10|0|1|0|0|SIM-LINHA-000212|Sim|58|Dentro do prazo|SIM-LINHA-000212
28/07/2025 00:00|29/07/2025 14:48|29/07/2025 16:19|Dir.2|Empresa 3|Reg 10|1|0|0|0|SIM-LINHA-000213|Sim|91|Dentro do prazo|SIM-LINHA-000213
29/07/2025 00:00|30/07/2025 15:00|30/07/2025 16:55|Dir.2|Empresa 3|Reg 10|1|1|0|0|SIM-LINHA-000214|Sim|115|Dentro do prazo|SIM-LINHA-000214
30/07/2025 00:00|31/07/2025 16:08|31/07/2025 17:23|Dir.2|Empresa 3|Reg 10|0|0|1|0|SIM-LINHA-000215|Sim|75|Dentro do prazo|SIM-LINHA-000215
28/07/2025 00:00|01/08/2025 15:57|01/08/2025 17:24|Dir.2|Empresa 3|Reg 10|1|1|1|1|SIM-LINHA-000216|Sim|87|Dentro do prazo|SIM-LINHA-000216
04/08/2025 00:00|04/08/2025 16:11|04/08/2025 18:37|Dir.2|Empresa 3|Reg 10|0|1|0|0|SIM-LINHA-000219|Sim|146|Fora do prazo|SIM-LINHA-000219
04/08/2025 00:00|05/08/2025 14:39|05/08/2025 16:15|Dir.2|Empresa 3|Reg 10|1|1|1|1|SIM-LINHA-000220|Sim|96|Dentro do prazo|SIM-LINHA-000220
05/08/2025 00:00|06/08/2025 15:55|06/08/2025 18:33|Dir.2|Empresa 3|Reg 10|1|1|1|1|SIM-LINHA-000221|Sim|158|Fora do prazo|SIM-LINHA-000221
07/08/2025 00:00|08/08/2025 16:13|08/08/2025 17:53|Dir.2|Empresa 3|Reg 10|1|0|0|0|SIM-LINHA-000223|Sim|100|Dentro do prazo|SIM-LINHA-000223
08/08/2025 00:00|09/08/2025 16:56|09/08/2025 18:08|Dir.2|Empresa 3|Reg 10|1|0|1|0|SIM-LINHA-000224|Sim|72|Dentro do prazo|SIM-LINHA-000224
11/08/2025 00:00|11/08/2025 14:25|11/08/2025 16:59|Dir.2|Empresa 3|Reg 10|0|0|1|0|SIM-LINHA-000226|Sim|154|Fora do prazo|SIM-LINHA-000226
12/08/2025 00:00|13/08/2025 16:59|13/08/2025 17:35|Dir.2|Empresa 3|Reg 10|0|0|1|0|SIM-LINHA-000228|Sim|36|Dentro do prazo|SIM-LINHA-000228
13/08/2025 00:00|14/08/2025 16:32|14/08/2025 18:31|Dir.2|Empresa 3|Reg 10|0|1|0|0|SIM-LINHA-000229|Sim|119|Dentro do prazo|SIM-LINHA-000229
15/08/2025 00:00|16/08/2025 14:47|16/08/2025 15:15|Dir.2|Empresa 3|Reg 10|1|1|0|0|SIM-LINHA-000231|Sim|28|Dentro do prazo|SIM-LINHA-000231
18/08/2025 00:00|18/08/2025 15:31|18/08/2025 15:51|Dir.2|Empresa 3|Reg 10|1|0|1|0|SIM-LINHA-000233|Sim|20|Dentro do prazo|SIM-LINHA-000233
18/08/2025 00:00|19/08/2025 15:16|19/08/2025 15:42|Dir.2|Empresa 3|Reg 10|1|0|0|0|SIM-LINHA-000234|Sim|26|Dentro do prazo|SIM-LINHA-000234
19/08/2025 00:00|20/08/2025 16:28|20/08/2025 16:49|Dir.2|Empresa 3|Reg 10|0|1|0|0|SIM-LINHA-000235|Sim|21|Dentro do prazo|SIM-LINHA-000235
20/08/2025 00:00|21/08/2025 16:34|21/08/2025 18:49|Dir.2|Empresa 3|Reg 10|1|0|1|0|SIM-LINHA-000236|Sim|135|Fora do prazo|SIM-LINHA-000236
22/08/2025 00:00|23/08/2025 16:12|23/08/2025 17:07|Dir.2|Empresa 3|Reg 10|0|1|1|0|SIM-LINHA-000238|Sim|55|Dentro do prazo|SIM-LINHA-000238
23/08/2025 00:00|24/08/2025 16:05|24/08/2025 16:36|Dir.2|Empresa 3|Reg 10|1|0|1|0|SIM-LINHA-000239|Sim|31|Dentro do prazo|SIM-LINHA-000239
19/08/2025 00:00|25/08/2025 14:38|25/08/2025 15:39|Dir.2|Empresa 3|Reg 10|0|1|1|0|SIM-LINHA-000240|Sim|61|Dentro do prazo|SIM-LINHA-000240
25/08/2025 00:00|26/08/2025 16:04|26/08/2025 18:25|Dir.2|Empresa 3|Reg 10|0|0|1|0|SIM-LINHA-000241|Sim|141|Fora do prazo|SIM-LINHA-000241
26/08/2025 00:00|27/08/2025 15:44|27/08/2025 16:21|Dir.2|Empresa 3|Reg 10|0|1|0|0|SIM-LINHA-000242|Sim|37|Dentro do prazo|SIM-LINHA-000242
18/08/2025 00:00|28/08/2025 17:16|28/08/2025 18:43|Dir.2|Empresa 3|Reg 10|0|1|1|0|SIM-LINHA-000243|Sim|87|Dentro do prazo|SIM-LINHA-000243
19/08/2025 00:00|30/08/2025 16:43|30/08/2025 17:59|Dir.2|Empresa 3|Reg 10|1|1|0|0|SIM-LINHA-000245|Sim|76|Dentro do prazo|SIM-LINHA-000245
19/08/2025 00:00|31/08/2025 14:25|31/08/2025 15:03|Dir.2|Empresa 3|Reg 10|1|0|1|0|SIM-LINHA-000246|Sim|38|Dentro do prazo|SIM-LINHA-000246
01/09/2025 00:00|02/09/2025 16:28|02/09/2025 17:06|Dir.2|Empresa 3|Reg 10|0|0|1|0|SIM-LINHA-000248|Sim|38|Dentro do prazo|SIM-LINHA-000248
02/09/2025 00:00|03/09/2025 15:21|03/09/2025 17:43|Dir.2|Empresa 3|Reg 10|0|1|1|0|SIM-LINHA-000249|Sim|142|Fora do prazo|SIM-LINHA-000249
07/09/2025 00:00|08/09/2025 14:28|08/09/2025 15:26|Dir.2|Empresa 3|Reg 10|1|0|0|0|SIM-LINHA-000254|Sim|58|Dentro do prazo|SIM-LINHA-000254
08/09/2025 00:00|09/09/2025 15:53|09/09/2025 17:35|Dir.2|Empresa 3|Reg 10|0|0|1|0|SIM-LINHA-000255|Sim|102|Dentro do prazo|SIM-LINHA-000255
10/09/2025 00:00|11/09/2025 14:32|11/09/2025 15:24|Dir.2|Empresa 3|Reg 10|0|1|1|0|SIM-LINHA-000257|Sim|52|Dentro do prazo|SIM-LINHA-000257
11/09/2025 00:00|12/09/2025 16:05|12/09/2025 17:00|Dir.2|Empresa 3|Reg 10|0|1|1|0|SIM-LINHA-000258|Sim|55|Dentro do prazo|SIM-LINHA-000258
12/09/2025 00:00|13/09/2025 16:14|13/09/2025 17:40|Dir.2|Empresa 3|Reg 10|0|0|1|0|SIM-LINHA-000259|Sim|86|Dentro do prazo|SIM-LINHA-000259
13/09/2025 00:00|14/09/2025 16:39|14/09/2025 17:06|Dir.2|Empresa 3|Reg 10|0|1|0|0|SIM-LINHA-000260|Sim|27|Dentro do prazo|SIM-LINHA-000260
17/09/2025 00:00|18/09/2025 15:26|18/09/2025 16:49|Dir.2|Empresa 3|Reg 10|1|0|1|0|SIM-LINHA-000264|Sim|83|Dentro do prazo|SIM-LINHA-000264
18/09/2025 00:00|19/09/2025 15:49|19/09/2025 18:12|Dir.2|Empresa 3|Reg 10|0|0|1|0|SIM-LINHA-000265|Sim|143|Fora do prazo|SIM-LINHA-000265
19/09/2025 00:00|20/09/2025 14:59|20/09/2025 16:14|Dir.2|Empresa 3|Reg 10|1|0|1|0|SIM-LINHA-000266|Sim|75|Dentro do prazo|SIM-LINHA-000266
22/09/2025 00:00|23/09/2025 16:37|23/09/2025 18:16|Dir.2|Empresa 3|Reg 10|0|0|1|0|SIM-LINHA-000269|Sim|99|Dentro do prazo|SIM-LINHA-000269
23/09/2025 00:00|24/09/2025 15:05|24/09/2025 15:34|Dir.2|Empresa 3|Reg 10|0|0|1|0|SIM-LINHA-000270|Sim|29|Dentro do prazo|SIM-LINHA-000270
09/09/2025 00:00|25/09/2025 15:04|25/09/2025 15:52|Dir.2|Empresa 3|Reg 10|0|1|1|0|SIM-LINHA-000271|Sim|48|Dentro do prazo|SIM-LINHA-000271
23/09/2025 00:00|28/09/2025 14:46|28/09/2025 15:26|Dir.2|Empresa 3|Reg 10|0|0|1|0|SIM-LINHA-000274|Sim|40|Dentro do prazo|SIM-LINHA-000274
29/09/2025 00:00|29/09/2025 15:24|29/09/2025 16:25|Dir.2|Empresa 3|Reg 10|0|1|1|0|SIM-LINHA-000275|Sim|61|Dentro do prazo|SIM-LINHA-000275
29/09/2025 00:00|30/09/2025 14:33|30/09/2025 15:57|Dir.2|Empresa 3|Reg 10|0|1|0|0|SIM-LINHA-000276|Sim|84|Dentro do prazo|SIM-LINHA-000276
30/09/2025 00:00|01/10/2025 15:08|01/10/2025 15:44|Dir.2|Empresa 3|Reg 10|0|0|1|0|SIM-LINHA-000277|Sim|36|Dentro do prazo|SIM-LINHA-000277
01/07/2025 00:00|02/07/2025 17:20|02/07/2025 18:33|Dir.2|Empresa 3|Reg 9|0|1|1|0|SIM-LINHA-000278|Sim|73|Dentro do prazo|SIM-LINHA-000278
02/07/2025 00:00|03/07/2025 15:19|03/07/2025 16:40|Dir.2|Empresa 3|Reg 9|0|1|0|0|SIM-LINHA-000279|Sim|81|Dentro do prazo|SIM-LINHA-000279
03/07/2025 00:00|04/07/2025 16:36|04/07/2025 17:33|Dir.2|Empresa 3|Reg 9|0|1|0|0|SIM-LINHA-000280|Sim|57|Dentro do prazo|SIM-LINHA-000280
07/07/2025 00:00|07/07/2025 14:59|07/07/2025 16:53|Dir.2|Empresa 3|Reg 9|1|1|1|1|SIM-LINHA-000283|Sim|114|Dentro do prazo|SIM-LINHA-000283
08/07/2025 00:00|09/07/2025 14:57|09/07/2025 16:23|Dir.2|Empresa 3|Reg 9|1|0|1|0|SIM-LINHA-000285|Sim|86|Dentro do prazo|SIM-LINHA-000285
10/07/2025 00:00|11/07/2025 14:52|11/07/2025 15:44|Dir.2|Empresa 3|Reg 9|0|1|0|0|SIM-LINHA-000287|Sim|52|Dentro do prazo|SIM-LINHA-000287
10/07/2025 00:00|13/07/2025 14:33|13/07/2025 15:35|Dir.2|Empresa 3|Reg 9|0|1|1|0|SIM-LINHA-000289|Sim|62|Dentro do prazo|SIM-LINHA-000289
13/07/2025 00:00|14/07/2025 15:52|14/07/2025 18:38|Dir.2|Empresa 3|Reg 9|0|0|1|0|SIM-LINHA-000290|Sim|166|Fora do prazo|SIM-LINHA-000290
16/07/2025 00:00|17/07/2025 15:47|17/07/2025 17:59|Dir.2|Empresa 3|Reg 9|0|1|0|0|SIM-LINHA-000293|Sim|132|Fora do prazo|SIM-LINHA-000293
14/07/2025 00:00|19/07/2025 15:07|19/07/2025 15:37|Dir.2|Empresa 3|Reg 9|1|1|1|1|SIM-LINHA-000295|Sim|30|Dentro do prazo|SIM-LINHA-000295
19/07/2025 00:00|20/07/2025 16:51|20/07/2025 19:06|Dir.2|Empresa 3|Reg 9|0|1|1|0|SIM-LINHA-000296|Sim|135|Fora do prazo|SIM-LINHA-000296
20/07/2025 00:00|21/07/2025 16:49|21/07/2025 17:46|Dir.2|Empresa 3|Reg 9|0|0|1|0|SIM-LINHA-000297|Sim|57|Dentro do prazo|SIM-LINHA-000297
21/07/2025 00:00|22/07/2025 15:29|22/07/2025 16:34|Dir.2|Empresa 3|Reg 9|0|0|1|0|SIM-LINHA-000298|Sim|65|Dentro do prazo|SIM-LINHA-000298
23/07/2025 00:00|24/07/2025 14:29|24/07/2025 16:42|Dir.2|Empresa 3|Reg 9|0|1|1|0|SIM-LINHA-000300|Sim|133|Fora do prazo|SIM-LINHA-000300
24/07/2025 00:00|25/07/2025 15:25|25/07/2025 15:47|Dir.2|Empresa 3|Reg 9|0|0|1|0|SIM-LINHA-000301|Sim|22|Dentro do prazo|SIM-LINHA-000301
28/07/2025 00:00|28/07/2025 15:41|28/07/2025 18:29|Dir.2|Empresa 3|Reg 9|0|1|0|0|SIM-LINHA-000304|Sim|168|Fora do prazo|SIM-LINHA-000304
28/07/2025 00:00|29/07/2025 14:54|29/07/2025 17:00|Dir.2|Empresa 3|Reg 9|0|0|1|0|SIM-LINHA-000305|Sim|126|Fora do prazo|SIM-LINHA-000305
29/07/2025 00:00|30/07/2025 14:47|30/07/2025 15:54|Dir.2|Empresa 3|Reg 9|1|0|0|0|SIM-LINHA-000306|Sim|67|Dentro do prazo|SIM-LINHA-000306
30/07/2025 00:00|31/07/2025 15:41|31/07/2025 16:11|Dir.2|Empresa 3|Reg 9|0|0|1|0|SIM-LINHA-000307|Sim|30|Dentro do prazo|SIM-LINHA-000307
31/07/2025 00:00|01/08/2025 17:21|01/08/2025 18:23|Dir.2|Empresa 3|Reg 9|0|1|1|0|SIM-LINHA-000308|Sim|62|Dentro do prazo|SIM-LINHA-000308
02/08/2025 00:00|03/08/2025 17:24|03/08/2025 20:09|Dir.2|Empresa 3|Reg 9|0|1|1|0|SIM-LINHA-000310|Sim|165|Fora do prazo|SIM-LINHA-000310
04/08/2025 00:00|04/08/2025 15:28|04/08/2025 17:04|Dir.2|Empresa 3|Reg 9|0|0|1|0|SIM-LINHA-000311|Sim|96|Dentro do prazo|SIM-LINHA-000311
05/08/2025 00:00|06/08/2025 15:47|06/08/2025 16:07|Dir.2|Empresa 3|Reg 9|0|1|0|0|SIM-LINHA-000313|Sim|20|Dentro do prazo|SIM-LINHA-000313
06/08/2025 00:00|07/08/2025 14:53|07/08/2025 17:42|Dir.2|Empresa 3|Reg 9|0|0|1|0|SIM-LINHA-000314|Sim|169|Fora do prazo|SIM-LINHA-000314
07/08/2025 00:00|08/08/2025 17:03|08/08/2025 17:45|Dir.2|Empresa 3|Reg 9|0|0|1|0|SIM-LINHA-000315|Sim|42|Dentro do prazo|SIM-LINHA-000315
08/08/2025 00:00|09/08/2025 17:00|09/08/2025 17:43|Dir.2|Empresa 3|Reg 9|0|0|1|0|SIM-LINHA-000316|Sim|43|Dentro do prazo|SIM-LINHA-000316
04/08/2025 00:00|10/08/2025 15:05|10/08/2025 15:39|Dir.2|Empresa 3|Reg 9|1|1|1|1|SIM-LINHA-000317|Sim|34|Dentro do prazo|SIM-LINHA-000317
11/08/2025 00:00|12/08/2025 16:01|12/08/2025 17:41|Dir.2|Empresa 3|Reg 9|0|1|0|0|SIM-LINHA-000319|Sim|100|Dentro do prazo|SIM-LINHA-000319
12/08/2025 00:00|13/08/2025 15:41|13/08/2025 16:53|Dir.2|Empresa 3|Reg 9|0|0|1|0|SIM-LINHA-000320|Sim|72|Dentro do prazo|SIM-LINHA-000320
11/08/2025 00:00|14/08/2025 16:12|14/08/2025 17:49|Dir.2|Empresa 3|Reg 9|1|1|1|1|SIM-LINHA-000321|Sim|97|Dentro do prazo|SIM-LINHA-000321
14/08/2025 00:00|15/08/2025 15:19|15/08/2025 15:54|Dir.2|Empresa 3|Reg 9|0|1|1|0|SIM-LINHA-000322|Sim|35|Dentro do prazo|SIM-LINHA-000322
15/08/2025 00:00|16/08/2025 16:00|16/08/2025 17:43|Dir.2|Empresa 3|Reg 9|0|0|1|0|SIM-LINHA-000323|Sim|103|Dentro do prazo|SIM-LINHA-000323
13/08/2025 00:00|17/08/2025 16:55|17/08/2025 17:40|Dir.2|Empresa 3|Reg 9|0|1|1|0|SIM-LINHA-000324|Sim|45|Dentro do prazo|SIM-LINHA-000324
19/08/2025 00:00|20/08/2025 16:21|20/08/2025 17:29|Dir.2|Empresa 3|Reg 9|0|1|0|0|SIM-LINHA-000327|Sim|68|Dentro do prazo|SIM-LINHA-000327
20/08/2025 00:00|21/08/2025 14:58|21/08/2025 16:29|Dir.2|Empresa 3|Reg 9|1|0|0|0|SIM-LINHA-000328|Sim|91|Dentro do prazo|SIM-LINHA-000328
21/08/2025 00:00|22/08/2025 15:50|22/08/2025 17:39|Dir.2|Empresa 3|Reg 9|0|0|1|0|SIM-LINHA-000329|Sim|109|Dentro do prazo|SIM-LINHA-000329
22/08/2025 00:00|23/08/2025 16:51|23/08/2025 19:11|Dir.2|Empresa 3|Reg 9|1|1|0|0|SIM-LINHA-000330|Sim|140|Fora do prazo|SIM-LINHA-000330
23/08/2025 00:00|24/08/2025 16:02|24/08/2025 18:33|Dir.2|Empresa 3|Reg 9|0|1|0|0|SIM-LINHA-000331|Sim|151|Fora do prazo|SIM-LINHA-000331
25/08/2025 00:00|25/08/2025 16:07|25/08/2025 17:00|Dir.2|Empresa 3|Reg 9|0|1|1|0|SIM-LINHA-000332|Sim|53|Dentro do prazo|SIM-LINHA-000332
26/08/2025 00:00|27/08/2025 16:16|27/08/2025 16:58|Dir.2|Empresa 3|Reg 9|1|1|1|1|SIM-LINHA-000334|Sim|42|Dentro do prazo|SIM-LINHA-000334
29/08/2025 00:00|30/08/2025 15:48|30/08/2025 16:44|Dir.2|Empresa 3|Reg 9|0|1|1|0|SIM-LINHA-000337|Sim|56|Dentro do prazo|SIM-LINHA-000337
20/08/2025 00:00|01/09/2025 17:05|01/09/2025 18:32|Dir.2|Empresa 3|Reg 9|1|1|1|1|SIM-LINHA-000339|Sim|87|Dentro do prazo|SIM-LINHA-000339
01/09/2025 00:00|02/09/2025 15:40|02/09/2025 16:01|Dir.2|Empresa 3|Reg 9|1|0|1|0|SIM-LINHA-000340|Sim|21|Dentro do prazo|SIM-LINHA-000340
03/09/2025 00:00|04/09/2025 15:02|04/09/2025 16:38|Dir.2|Empresa 3|Reg 9|0|0|1|0|SIM-LINHA-000342|Sim|96|Dentro do prazo|SIM-LINHA-000342
04/09/2025 00:00|05/09/2025 15:00|05/09/2025 16:46|Dir.2|Empresa 3|Reg 9|0|0|1|0|SIM-LINHA-000343|Sim|106|Dentro do prazo|SIM-LINHA-000343
03/09/2025 00:00|07/09/2025 14:32|07/09/2025 15:05|Dir.2|Empresa 3|Reg 9|0|0|1|0|SIM-LINHA-000345|Sim|33|Dentro do prazo|SIM-LINHA-000345
07/09/2025 00:00|08/09/2025 16:25|08/09/2025 17:52|Dir.2|Empresa 3|Reg 9|0|1|0|0|SIM-LINHA-000346|Sim|87|Dentro do prazo|SIM-LINHA-000346
08/09/2025 00:00|09/09/2025 16:24|09/09/2025 17:34|Dir.2|Empresa 3|Reg 9|0|1|0|0|SIM-LINHA-000347|Sim|70|Dentro do prazo|SIM-LINHA-000347
10/09/2025 00:00|11/09/2025 16:35|11/09/2025 18:09|Dir.2|Empresa 3|Reg 9|1|0|1|0|SIM-LINHA-000349|Sim|94|Dentro do prazo|SIM-LINHA-000349
11/09/2025 00:00|12/09/2025 16:40|12/09/2025 18:03|Dir.2|Empresa 3|Reg 9|0|0|1|0|SIM-LINHA-000350|Sim|83|Dentro do prazo|SIM-LINHA-000350
12/09/2025 00:00|13/09/2025 16:30|13/09/2025 17:46|Dir.2|Empresa 3|Reg 9|1|0|1|0|SIM-LINHA-000351|Sim|76|Dentro do prazo|SIM-LINHA-000351
15/09/2025 00:00|16/09/2025 14:51|16/09/2025 15:19|Dir.2|Empresa 3|Reg 9|1|1|1|1|SIM-LINHA-000354|Sim|28|Dentro do prazo|SIM-LINHA-000354
16/09/2025 00:00|17/09/2025 14:32|17/09/2025 16:03|Dir.2|Empresa 3|Reg 9|1|1|1|1|SIM-LINHA-000355|Sim|91|Dentro do prazo|SIM-LINHA-000355
16/09/2025 00:00|18/09/2025 14:27|18/09/2025 14:47|Dir.2|Empresa 3|Reg 9|0|1|0|0|SIM-LINHA-000356|Sim|20|Dentro do prazo|SIM-LINHA-000356
18/09/2025 00:00|19/09/2025 15:44|19/09/2025 18:35|Dir.2|Empresa 3|Reg 9|0|1|0|0|SIM-LINHA-000357|Sim|171|Fora do prazo|SIM-LINHA-000357
19/09/2025 00:00|20/09/2025 16:22|20/09/2025 17:00|Dir.2|Empresa 3|Reg 9|0|1|1|0|SIM-LINHA-000358|Sim|38|Dentro do prazo|SIM-LINHA-000358
20/09/2025 00:00|21/09/2025 17:01|21/09/2025 18:11|Dir.2|Empresa 3|Reg 9|1|0|1|0|SIM-LINHA-000359|Sim|70|Dentro do prazo|SIM-LINHA-000359
23/09/2025 00:00|24/09/2025 17:01|24/09/2025 18:46|Dir.2|Empresa 3|Reg 9|1|0|1|0|SIM-LINHA-000362|Sim|105|Dentro do prazo|SIM-LINHA-000362
24/09/2025 00:00|25/09/2025 16:47|25/09/2025 18:03|Dir.2|Empresa 3|Reg 9|1|1|0|0|SIM-LINHA-000363|Sim|76|Dentro do prazo|SIM-LINHA-000363
25/09/2025 00:00|26/09/2025 17:08|26/09/2025 19:25|Dir.2|Empresa 3|Reg 9|0|0|1|0|SIM-LINHA-000364|Sim|137|Fora do prazo|SIM-LINHA-000364
16/09/2025 00:00|28/09/2025 14:25|28/09/2025 16:18|Dir.2|Empresa 3|Reg 9|0|1|1|0|SIM-LINHA-000366|Sim|113|Dentro do prazo|SIM-LINHA-000366
29/09/2025 00:00|29/09/2025 14:56|29/09/2025 16:19|Dir.2|Empresa 3|Reg 9|1|1|1|1|SIM-LINHA-000367|Sim|83|Dentro do prazo|SIM-LINHA-000367
29/09/2025 00:00|30/09/2025 17:08|30/09/2025 18:47|Dir.2|Empresa 3|Reg 9|0|0|1|0|SIM-LINHA-000368|Sim|99|Dentro do prazo|SIM-LINHA-000368
02/07/2025 00:00|03/07/2025 16:58|03/07/2025 18:38|Dir.2|Empresa 2|Reg 8|0|0|1|0|SIM-LINHA-000371|Sim|100|Dentro do prazo|SIM-LINHA-000371
03/07/2025 00:00|04/07/2025 16:18|04/07/2025 17:14|Dir.2|Empresa 2|Reg 8|1|1|1|1|SIM-LINHA-000372|Sim|56|Dentro do prazo|SIM-LINHA-000372
04/07/2025 00:00|05/07/2025 15:40|05/07/2025 17:20|Dir.2|Empresa 2|Reg 8|0|1|0|0|SIM-LINHA-000373|Sim|100|Dentro do prazo|SIM-LINHA-000373
01/07/2025 00:00|07/07/2025 15:02|07/07/2025 16:13|Dir.2|Empresa 2|Reg 8|0|1|1|0|SIM-LINHA-000375|Sim|71|Dentro do prazo|SIM-LINHA-000375
13/07/2025 00:00|14/07/2025 15:06|14/07/2025 16:32|Dir.2|Empresa 2|Reg 8|1|0|0|0|SIM-LINHA-000382|Sim|86|Dentro do prazo|SIM-LINHA-000382
15/07/2025 00:00|16/07/2025 14:34|16/07/2025 15:40|Dir.2|Empresa 2|Reg 8|0|1|1|0|SIM-LINHA-000384|Sim|66|Dentro do prazo|SIM-LINHA-000384
16/07/2025 00:00|17/07/2025 14:59|17/07/2025 15:25|Dir.2|Empresa 2|Reg 8|1|1|0|0|SIM-LINHA-000385|Sim|26|Dentro do prazo|SIM-LINHA-000385
18/07/2025 00:00|19/07/2025 14:37|19/07/2025 15:44|Dir.2|Empresa 2|Reg 8|0|0|1|0|SIM-LINHA-000387|Sim|67|Dentro do prazo|SIM-LINHA-000387
15/07/2025 00:00|21/07/2025 15:19|21/07/2025 16:23|Dir.2|Empresa 2|Reg 8|1|1|1|1|SIM-LINHA-000389|Sim|64|Dentro do prazo|SIM-LINHA-000389
22/07/2025 00:00|23/07/2025 17:08|23/07/2025 18:32|Dir.2|Empresa 2|Reg 8|0|1|1|0|SIM-LINHA-000391|Sim|84|Dentro do prazo|SIM-LINHA-000391
20/07/2025 00:00|26/07/2025 16:12|26/07/2025 17:11|Dir.2|Empresa 2|Reg 8|0|0|1|0|SIM-LINHA-000394|Sim|59|Dentro do prazo|SIM-LINHA-000394
26/07/2025 00:00|27/07/2025 16:08|27/07/2025 16:55|Dir.2|Empresa 2|Reg 8|0|1|0|0|SIM-LINHA-000395|Sim|47|Dentro do prazo|SIM-LINHA-000395
28/07/2025 00:00|28/07/2025 14:54|28/07/2025 15:58|Dir.2|Empresa 2|Reg 8|0|0|1|0|SIM-LINHA-000396|Sim|64|Dentro do prazo|SIM-LINHA-000396
29/07/2025 00:00|30/07/2025 16:25|30/07/2025 17:16|Dir.2|Empresa 2|Reg 8|0|0|1|0|SIM-LINHA-000398|Sim|51|Dentro do prazo|SIM-LINHA-000398
01/08/2025 00:00|02/08/2025 16:17|02/08/2025 16:38|Dir.2|Empresa 2|Reg 8|1|0|1|0|SIM-LINHA-000401|Sim|21|Dentro do prazo|SIM-LINHA-000401
03/08/2025 00:00|04/08/2025 17:22|04/08/2025 18:09|Dir.2|Empresa 2|Reg 8|0|1|0|0|SIM-LINHA-000403|Sim|47|Dentro do prazo|SIM-LINHA-000403
05/08/2025 00:00|05/08/2025 16:04|05/08/2025 18:15|Dir.2|Empresa 2|Reg 8|0|1|0|0|SIM-LINHA-000404|Sim|131|Fora do prazo|SIM-LINHA-000404
06/08/2025 00:00|07/08/2025 16:29|07/08/2025 17:48|Dir.2|Empresa 2|Reg 8|0|1|0|0|SIM-LINHA-000406|Sim|79|Dentro do prazo|SIM-LINHA-000406
08/08/2025 00:00|09/08/2025 16:45|09/08/2025 18:39|Dir.2|Empresa 2|Reg 8|0|1|0|0|SIM-LINHA-000408|Sim|114|Dentro do prazo|SIM-LINHA-000408
09/08/2025 00:00|10/08/2025 16:54|10/08/2025 18:05|Dir.2|Empresa 2|Reg 8|0|1|0|0|SIM-LINHA-000409|Sim|71|Dentro do prazo|SIM-LINHA-000409
12/08/2025 00:00|13/08/2025 15:19|13/08/2025 16:17|Dir.2|Empresa 2|Reg 8|0|1|1|0|SIM-LINHA-000412|Sim|58|Dentro do prazo|SIM-LINHA-000412
13/08/2025 00:00|14/08/2025 14:50|14/08/2025 17:48|Dir.2|Empresa 2|Reg 8|0|1|0|0|SIM-LINHA-000413|Sim|178|Fora do prazo|SIM-LINHA-000413
15/08/2025 00:00|18/08/2025 15:53|18/08/2025 17:22|Dir.2|Empresa 2|Reg 8|0|0|1|0|SIM-LINHA-000417|Sim|89|Dentro do prazo|SIM-LINHA-000417
18/08/2025 00:00|19/08/2025 17:02|19/08/2025 17:39|Dir.2|Empresa 2|Reg 8|0|0|1|0|SIM-LINHA-000418|Sim|37|Dentro do prazo|SIM-LINHA-000418
21/08/2025 00:00|22/08/2025 14:54|22/08/2025 15:20|Dir.2|Empresa 2|Reg 8|1|1|0|0|SIM-LINHA-000421|Sim|26|Dentro do prazo|SIM-LINHA-000421
22/08/2025 00:00|23/08/2025 14:46|23/08/2025 15:19|Dir.2|Empresa 2|Reg 8|0|1|0|0|SIM-LINHA-000422|Sim|33|Dentro do prazo|SIM-LINHA-000422
23/08/2025 00:00|24/08/2025 15:34|24/08/2025 16:44|Dir.2|Empresa 2|Reg 8|0|1|0|0|SIM-LINHA-000423|Sim|70|Dentro do prazo|SIM-LINHA-000423
20/08/2025 00:00|25/08/2025 17:00|25/08/2025 18:34|Dir.2|Empresa 2|Reg 8|0|0|1|0|SIM-LINHA-000424|Sim|94|Dentro do prazo|SIM-LINHA-000424
26/08/2025 00:00|27/08/2025 16:00|27/08/2025 16:25|Dir.2|Empresa 2|Reg 8|1|0|1|0|SIM-LINHA-000426|Sim|25|Dentro do prazo|SIM-LINHA-000426
18/08/2025 00:00|28/08/2025 14:50|28/08/2025 16:26|Dir.2|Empresa 2|Reg 8|1|0|1|0|SIM-LINHA-000427|Sim|96|Dentro do prazo|SIM-LINHA-000427
28/08/2025 00:00|29/08/2025 16:24|29/08/2025 16:57|Dir.2|Empresa 2|Reg 8|0|1|1|0|SIM-LINHA-000428|Sim|33|Dentro do prazo|SIM-LINHA-000428
25/08/2025 00:00|31/08/2025 16:10|31/08/2025 16:39|Dir.2|Empresa 2|Reg 8|0|1|1|0|SIM-LINHA-000430|Sim|29|Dentro do prazo|SIM-LINHA-000430
02/09/2025 00:00|03/09/2025 15:20|03/09/2025 16:58|Dir.2|Empresa 2|Reg 8|0|0|1|0|SIM-LINHA-000433|Sim|98|Dentro do prazo|SIM-LINHA-000433
03/09/2025 00:00|04/09/2025 16:58|04/09/2025 18:36|Dir.2|Empresa 2|Reg 8|0|0|1|0|SIM-LINHA-000434|Sim|98|Dentro do prazo|SIM-LINHA-000434
06/09/2025 00:00|07/09/2025 16:15|07/09/2025 17:45|Dir.2|Empresa 2|Reg 8|1|0|1|0|SIM-LINHA-000437|Sim|90|Dentro do prazo|SIM-LINHA-000437
09/09/2025 00:00|10/09/2025 15:43|10/09/2025 17:26|Dir.2|Empresa 2|Reg 8|0|0|1|0|SIM-LINHA-000440|Sim|103|Dentro do prazo|SIM-LINHA-000440
11/09/2025 00:00|12/09/2025 16:13|12/09/2025 17:33|Dir.2|Empresa 2|Reg 8|0|1|1|0|SIM-LINHA-000442|Sim|80|Dentro do prazo|SIM-LINHA-000442
15/09/2025 00:00|16/09/2025 15:27|16/09/2025 16:58|Dir.2|Empresa 2|Reg 8|1|1|0|0|SIM-LINHA-000446|Sim|91|Dentro do prazo|SIM-LINHA-000446
16/09/2025 00:00|17/09/2025 14:26|17/09/2025 16:09|Dir.2|Empresa 2|Reg 8|0|1|0|0|SIM-LINHA-000447|Sim|103|Dentro do prazo|SIM-LINHA-000447
17/09/2025 00:00|18/09/2025 15:56|18/09/2025 18:33|Dir.2|Empresa 2|Reg 8|1|0|0|0|SIM-LINHA-000448|Sim|157|Fora do prazo|SIM-LINHA-000448
16/09/2025 00:00|20/09/2025 15:48|20/09/2025 17:28|Dir.2|Empresa 2|Reg 8|0|0|1|0|SIM-LINHA-000450|Sim|100|Dentro do prazo|SIM-LINHA-000450
20/09/2025 00:00|21/09/2025 15:09|21/09/2025 17:58|Dir.2|Empresa 2|Reg 8|0|1|1|0|SIM-LINHA-000451|Sim|169|Fora do prazo|SIM-LINHA-000451
23/09/2025 00:00|24/09/2025 16:33|24/09/2025 18:00|Dir.2|Empresa 2|Reg 8|0|1|1|0|SIM-LINHA-000454|Sim|87|Dentro do prazo|SIM-LINHA-000454
24/09/2025 00:00|25/09/2025 15:13|25/09/2025 17:18|Dir.2|Empresa 2|Reg 8|0|1|1|0|SIM-LINHA-000455|Sim|125|Fora do prazo|SIM-LINHA-000455
15/09/2025 00:00|27/09/2025 15:53|27/09/2025 16:13|Dir.2|Empresa 2|Reg 8|1|1|1|1|SIM-LINHA-000457|Sim|20|Dentro do prazo|SIM-LINHA-000457
27/09/2025 00:00|29/09/2025 16:11|29/09/2025 18:06|Dir.2|Empresa 2|Reg 8|1|0|0|0|SIM-LINHA-000459|Sim|115|Dentro do prazo|SIM-LINHA-000459
29/09/2025 00:00|30/09/2025 14:27|30/09/2025 14:54|Dir.2|Empresa 2|Reg 8|0|1|1|0|SIM-LINHA-000460|Sim|27|Dentro do prazo|SIM-LINHA-000460
30/09/2025 00:00|01/10/2025 16:29|01/10/2025 17:13|Dir.2|Empresa 2|Reg 8|1|0|1|0|SIM-LINHA-000461|Sim|44|Dentro do prazo|SIM-LINHA-000461
02/07/2025 00:00|03/07/2025 15:43|03/07/2025 16:12|Dir.2|Empresa 2|Reg 7|1|1|1|1|SIM-LINHA-000463|Sim|29|Dentro do prazo|SIM-LINHA-000463
04/07/2025 00:00|05/07/2025 14:40|05/07/2025 16:36|Dir.2|Empresa 2|Reg 7|0|1|1|0|SIM-LINHA-000465|Sim|116|Dentro do prazo|SIM-LINHA-000465
05/07/2025 00:00|06/07/2025 15:58|06/07/2025 17:44|Dir.2|Empresa 2|Reg 7|0|0|1|0|SIM-LINHA-000466|Sim|106|Dentro do prazo|SIM-LINHA-000466
03/07/2025 00:00|07/07/2025 15:44|07/07/2025 16:23|Dir.2|Empresa 2|Reg 7|1|1|0|0|SIM-LINHA-000467|Sim|39|Dentro do prazo|SIM-LINHA-000467
08/07/2025 00:00|09/07/2025 16:40|09/07/2025 18:04|Dir.2|Empresa 2|Reg 7|0|1|1|0|SIM-LINHA-000469|Sim|84|Dentro do prazo|SIM-LINHA-000469
10/07/2025 00:00|11/07/2025 16:16|11/07/2025 17:29|Dir.2|Empresa 2|Reg 7|0|0|1|0|SIM-LINHA-000471|Sim|73|Dentro do prazo|SIM-LINHA-000471
11/07/2025 00:00|12/07/2025 16:21|12/07/2025 17:04|Dir.2|Empresa 2|Reg 7|1|0|0|0|SIM-LINHA-000472|Sim|43|Dentro do prazo|SIM-LINHA-000472
08/07/2025 00:00|14/07/2025 16:09|14/07/2025 16:58|Dir.2|Empresa 2|Reg 7|0|1|1|0|SIM-LINHA-000474|Sim|49|Dentro do prazo|SIM-LINHA-000474
15/07/2025 00:00|16/07/2025 17:17|16/07/2025 18:38|Dir.2|Empresa 2|Reg 7|0|1|1|0|SIM-LINHA-000476|Sim|81|Dentro do prazo|SIM-LINHA-000476
16/07/2025 00:00|17/07/2025 16:47|17/07/2025 18:13|Dir.2|Empresa 2|Reg 7|0|1|0|0|SIM-LINHA-000477|Sim|86|Dentro do prazo|SIM-LINHA-000477
17/07/2025 00:00|18/07/2025 17:22|18/07/2025 20:14|Dir.2|Empresa 2|Reg 7|0|0|1|0|SIM-LINHA-000478|Sim|172|Fora do prazo|SIM-LINHA-000478
18/07/2025 00:00|19/07/2025 14:53|19/07/2025 15:29|Dir.2|Empresa 2|Reg 7|0|1|0|0|SIM-LINHA-000479|Sim|36|Dentro do prazo|SIM-LINHA-000479
19/07/2025 00:00|20/07/2025 16:47|20/07/2025 17:41|Dir.2|Empresa 2|Reg 7|0|0|1|0|SIM-LINHA-000480|Sim|54|Dentro do prazo|SIM-LINHA-000480
21/07/2025 00:00|22/07/2025 15:15|22/07/2025 16:21|Dir.2|Empresa 2|Reg 7|1|1|0|0|SIM-LINHA-000482|Sim|66|Dentro do prazo|SIM-LINHA-000482
22/07/2025 00:00|23/07/2025 16:32|23/07/2025 17:29|Dir.2|Empresa 2|Reg 7|0|0|1|0|SIM-LINHA-000483|Sim|57|Dentro do prazo|SIM-LINHA-000483
24/07/2025 00:00|25/07/2025 16:15|25/07/2025 16:40|Dir.2|Empresa 2|Reg 7|0|0|1|0|SIM-LINHA-000485|Sim|25|Dentro do prazo|SIM-LINHA-000485
25/07/2025 00:00|26/07/2025 14:45|26/07/2025 16:47|Dir.2|Empresa 2|Reg 7|1|0|1|0|SIM-LINHA-000486|Sim|122|Fora do prazo|SIM-LINHA-000486
24/07/2025 00:00|27/07/2025 17:22|27/07/2025 18:58|Dir.2|Empresa 2|Reg 7|1|1|0|0|SIM-LINHA-000487|Sim|96|Dentro do prazo|SIM-LINHA-000487
27/07/2025 00:00|28/07/2025 17:20|28/07/2025 17:42|Dir.2|Empresa 2|Reg 7|0|1|0|0|SIM-LINHA-000488|Sim|22|Dentro do prazo|SIM-LINHA-000488
31/07/2025 00:00|01/08/2025 15:08|01/08/2025 16:55|Dir.2|Empresa 2|Reg 7|1|0|0|0|SIM-LINHA-000492|Sim|107|Dentro do prazo|SIM-LINHA-000492
01/08/2025 00:00|02/08/2025 15:54|02/08/2025 17:04|Dir.2|Empresa 2|Reg 7|0|1|1|0|SIM-LINHA-000493|Sim|70|Dentro do prazo|SIM-LINHA-000493
05/08/2025 00:00|05/08/2025 15:58|05/08/2025 18:11|Dir.2|Empresa 2|Reg 7|0|0|1|0|SIM-LINHA-000496|Sim|133|Fora do prazo|SIM-LINHA-000496
05/08/2025 00:00|06/08/2025 16:13|06/08/2025 17:43|Dir.2|Empresa 2|Reg 7|1|1|0|0|SIM-LINHA-000497|Sim|90|Dentro do prazo|SIM-LINHA-000497
06/08/2025 00:00|07/08/2025 15:06|07/08/2025 17:20|Dir.2|Empresa 2|Reg 7|1|0|0|0|SIM-LINHA-000498|Sim|134|Fora do prazo|SIM-LINHA-000498
07/08/2025 00:00|08/08/2025 15:08|08/08/2025 16:21|Dir.2|Empresa 2|Reg 7|0|0|1|0|SIM-LINHA-000499|Sim|73|Dentro do prazo|SIM-LINHA-000499
08/08/2025 00:00|09/08/2025 15:34|09/08/2025 17:18|Dir.2|Empresa 2|Reg 7|0|0|1|0|SIM-LINHA-000500|Sim|104|Dentro do prazo|SIM-LINHA-000500
07/08/2025 00:00|11/08/2025 15:53|11/08/2025 16:15|Dir.2|Empresa 2|Reg 7|0|1|1|0|SIM-LINHA-000502|Sim|22|Dentro do prazo|SIM-LINHA-000502
13/08/2025 00:00|14/08/2025 16:37|14/08/2025 17:23|Dir.2|Empresa 2|Reg 7|1|0|1|0|SIM-LINHA-000505|Sim|46|Dentro do prazo|SIM-LINHA-000505
15/08/2025 00:00|16/08/2025 15:23|16/08/2025 17:24|Dir.2|Empresa 2|Reg 7|1|0|1|0|SIM-LINHA-000507|Sim|121|Fora do prazo|SIM-LINHA-000507
08/08/2025 00:00|18/08/2025 15:41|18/08/2025 18:30|Dir.2|Empresa 2|Reg 7|0|0|1|0|SIM-LINHA-000509|Sim|169|Fora do prazo|SIM-LINHA-000509
18/08/2025 00:00|19/08/2025 15:10|19/08/2025 15:33|Dir.2|Empresa 2|Reg 7|0|1|1|0|SIM-LINHA-000510|Sim|23|Dentro do prazo|SIM-LINHA-000510
19/08/2025 00:00|20/08/2025 16:20|20/08/2025 18:10|Dir.2|Empresa 2|Reg 7|0|1|0|0|SIM-LINHA-000511|Sim|110|Dentro do prazo|SIM-LINHA-000511
20/08/2025 00:00|21/08/2025 15:59|21/08/2025 18:43|Dir.2|Empresa 2|Reg 7|1|0|1|0|SIM-LINHA-000512|Sim|164|Fora do prazo|SIM-LINHA-000512
21/08/2025 00:00|22/08/2025 16:38|22/08/2025 18:12|Dir.2|Empresa 2|Reg 7|0|1|0|0|SIM-LINHA-000513|Sim|94|Dentro do prazo|SIM-LINHA-000513
21/08/2025 00:00|24/08/2025 17:17|24/08/2025 18:09|Dir.2|Empresa 2|Reg 7|1|1|1|1|SIM-LINHA-000515|Sim|52|Dentro do prazo|SIM-LINHA-000515
18/08/2025 00:00|25/08/2025 16:31|25/08/2025 17:28|Dir.2|Empresa 2|Reg 7|1|1|1|1|SIM-LINHA-000516|Sim|57|Dentro do prazo|SIM-LINHA-000516
26/08/2025 00:00|27/08/2025 16:53|27/08/2025 18:14|Dir.2|Empresa 2|Reg 7|0|1|1|0|SIM-LINHA-000518|Sim|81|Dentro do prazo|SIM-LINHA-000518
27/08/2025 00:00|28/08/2025 15:48|28/08/2025 16:38|Dir.2|Empresa 2|Reg 7|1|0|1|0|SIM-LINHA-000519|Sim|50|Dentro do prazo|SIM-LINHA-000519
27/08/2025 00:00|29/08/2025 14:26|29/08/2025 16:14|Dir.2|Empresa 2|Reg 7|0|0|1|0|SIM-LINHA-000520|Sim|108|Dentro do prazo|SIM-LINHA-000520
15/08/2025 00:00|30/08/2025 14:42|30/08/2025 15:04|Dir.2|Empresa 2|Reg 7|1|0|0|0|SIM-LINHA-000521|Sim|22|Dentro do prazo|SIM-LINHA-000521
30/08/2025 00:00|31/08/2025 15:59|31/08/2025 16:21|Dir.2|Empresa 2|Reg 7|1|0|0|0|SIM-LINHA-000522|Sim|22|Dentro do prazo|SIM-LINHA-000522
01/09/2025 00:00|02/09/2025 14:42|02/09/2025 16:14|Dir.2|Empresa 2|Reg 7|1|0|0|0|SIM-LINHA-000524|Sim|92|Dentro do prazo|SIM-LINHA-000524
03/09/2025 00:00|04/09/2025 14:34|04/09/2025 15:22|Dir.2|Empresa 2|Reg 7|0|1|1|0|SIM-LINHA-000526|Sim|48|Dentro do prazo|SIM-LINHA-000526
04/09/2025 00:00|05/09/2025 15:06|05/09/2025 16:22|Dir.2|Empresa 2|Reg 7|1|0|1|0|SIM-LINHA-000527|Sim|76|Dentro do prazo|SIM-LINHA-000527
05/09/2025 00:00|06/09/2025 15:24|06/09/2025 15:48|Dir.2|Empresa 2|Reg 7|0|1|0|0|SIM-LINHA-000528|Sim|24|Dentro do prazo|SIM-LINHA-000528
06/09/2025 00:00|07/09/2025 16:18|07/09/2025 18:02|Dir.2|Empresa 2|Reg 7|0|1|1|0|SIM-LINHA-000529|Sim|104|Dentro do prazo|SIM-LINHA-000529
09/09/2025 00:00|10/09/2025 17:08|10/09/2025 17:28|Dir.2|Empresa 2|Reg 7|0|1|1|0|SIM-LINHA-000532|Sim|20|Dentro do prazo|SIM-LINHA-000532
10/09/2025 00:00|11/09/2025 15:26|11/09/2025 15:47|Dir.2|Empresa 2|Reg 7|0|1|1|0|SIM-LINHA-000533|Sim|21|Dentro do prazo|SIM-LINHA-000533
11/09/2025 00:00|12/09/2025 17:17|12/09/2025 17:38|Dir.2|Empresa 2|Reg 7|0|1|1|0|SIM-LINHA-000534|Sim|21|Dentro do prazo|SIM-LINHA-000534
12/09/2025 00:00|13/09/2025 16:35|13/09/2025 18:23|Dir.2|Empresa 2|Reg 7|1|0|0|0|SIM-LINHA-000535|Sim|108|Dentro do prazo|SIM-LINHA-000535
15/09/2025 00:00|16/09/2025 15:36|16/09/2025 17:26|Dir.2|Empresa 2|Reg 7|0|1|1|0|SIM-LINHA-000538|Sim|110|Dentro do prazo|SIM-LINHA-000538
15/09/2025 00:00|19/09/2025 15:37|19/09/2025 17:19|Dir.2|Empresa 2|Reg 7|1|1|1|1|SIM-LINHA-000541|Sim|102|Dentro do prazo|SIM-LINHA-000541
19/09/2025 00:00|20/09/2025 14:59|20/09/2025 16:32|Dir.2|Empresa 2|Reg 7|0|1|0|0|SIM-LINHA-000542|Sim|93|Dentro do prazo|SIM-LINHA-000542
18/09/2025 00:00|21/09/2025 15:16|21/09/2025 18:16|Dir.2|Empresa 2|Reg 7|0|0|1|0|SIM-LINHA-000543|Sim|180|Fora do prazo|SIM-LINHA-000543
22/09/2025 00:00|22/09/2025 16:22|22/09/2025 18:13|Dir.2|Empresa 2|Reg 7|0|0|1|0|SIM-LINHA-000544|Sim|111|Dentro do prazo|SIM-LINHA-000544
22/09/2025 00:00|23/09/2025 15:04|23/09/2025 15:50|Dir.2|Empresa 2|Reg 7|1|1|1|1|SIM-LINHA-000545|Sim|46|Dentro do prazo|SIM-LINHA-000545
26/09/2025 00:00|27/09/2025 15:48|27/09/2025 17:55|Dir.2|Empresa 2|Reg 7|0|0|1|0|SIM-LINHA-000549|Sim|127|Fora do prazo|SIM-LINHA-000549
24/09/2025 00:00|28/09/2025 17:09|28/09/2025 20:02|Dir.2|Empresa 2|Reg 7|0|0|1|0|SIM-LINHA-000550|Sim|173|Fora do prazo|SIM-LINHA-000550
29/09/2025 00:00|30/09/2025 16:54|30/09/2025 18:12|Dir.2|Empresa 2|Reg 7|0|0|1|0|SIM-LINHA-000552|Sim|78|Dentro do prazo|SIM-LINHA-000552
30/09/2025 00:00|01/10/2025 14:55|01/10/2025 16:43|Dir.2|Empresa 2|Reg 7|0|1|0|0|SIM-LINHA-000553|Sim|108|Dentro do prazo|SIM-LINHA-000553
01/07/2025 00:00|02/07/2025 16:53|02/07/2025 18:46|Dir.1|Empresa 2|Reg 6|1|0|0|0|SIM-LINHA-000554|Sim|113|Dentro do prazo|SIM-LINHA-000554
03/07/2025 00:00|04/07/2025 15:56|04/07/2025 16:27|Dir.1|Empresa 2|Reg 6|0|0|1|0|SIM-LINHA-000556|Sim|31|Dentro do prazo|SIM-LINHA-000556
04/07/2025 00:00|05/07/2025 17:04|05/07/2025 18:51|Dir.1|Empresa 2|Reg 6|0|0|1|0|SIM-LINHA-000557|Sim|107|Dentro do prazo|SIM-LINHA-000557
05/07/2025 00:00|06/07/2025 16:53|06/07/2025 17:46|Dir.1|Empresa 2|Reg 6|1|0|1|0|SIM-LINHA-000558|Sim|53|Dentro do prazo|SIM-LINHA-000558
09/07/2025 00:00|10/07/2025 16:07|10/07/2025 17:27|Dir.1|Empresa 2|Reg 6|0|0|1|0|SIM-LINHA-000562|Sim|80|Dentro do prazo|SIM-LINHA-000562
10/07/2025 00:00|11/07/2025 16:24|11/07/2025 16:51|Dir.1|Empresa 2|Reg 6|0|1|0|0|SIM-LINHA-000563|Sim|27|Dentro do prazo|SIM-LINHA-000563
11/07/2025 00:00|12/07/2025 15:43|12/07/2025 16:56|Dir.1|Empresa 2|Reg 6|0|0|1|0|SIM-LINHA-000564|Sim|73|Dentro do prazo|SIM-LINHA-000564
11/07/2025 00:00|13/07/2025 16:57|13/07/2025 18:08|Dir.1|Empresa 2|Reg 6|0|1|1|0|SIM-LINHA-000565|Sim|71|Dentro do prazo|SIM-LINHA-000565
08/07/2025 00:00|14/07/2025 17:12|14/07/2025 17:36|Dir.1|Empresa 2|Reg 6|1|0|1|0|SIM-LINHA-000566|Sim|24|Dentro do prazo|SIM-LINHA-000566
14/07/2025 00:00|15/07/2025 15:39|15/07/2025 17:07|Dir.1|Empresa 2|Reg 6|0|0|1|0|SIM-LINHA-000567|Sim|88|Dentro do prazo|SIM-LINHA-000567
18/07/2025 00:00|19/07/2025 15:45|19/07/2025 18:18|Dir.1|Empresa 2|Reg 6|0|0|1|0|SIM-LINHA-000571|Sim|153|Fora do prazo|SIM-LINHA-000571
15/07/2025 00:00|21/07/2025 17:13|21/07/2025 18:53|Dir.1|Empresa 2|Reg 6|1|1|1|1|SIM-LINHA-000573|Sim|100|Dentro do prazo|SIM-LINHA-000573
21/07/2025 00:00|22/07/2025 16:36|22/07/2025 18:04|Dir.1|Empresa 2|Reg 6|1|0|0|0|SIM-LINHA-000574|Sim|88|Dentro do prazo|SIM-LINHA-000574
22/07/2025 00:00|23/07/2025 14:32|23/07/2025 15:51|Dir.1|Empresa 2|Reg 6|0|0|1|0|SIM-LINHA-000575|Sim|79|Dentro do prazo|SIM-LINHA-000575
23/07/2025 00:00|24/07/2025 14:28|24/07/2025 14:56|Dir.1|Empresa 2|Reg 6|0|1|1|0|SIM-LINHA-000576|Sim|28|Dentro do prazo|SIM-LINHA-000576
24/07/2025 00:00|26/07/2025 14:29|26/07/2025 15:04|Dir.1|Empresa 2|Reg 6|1|0|0|0|SIM-LINHA-000578|Sim|35|Dentro do prazo|SIM-LINHA-000578
26/07/2025 00:00|27/07/2025 16:13|27/07/2025 17:58|Dir.1|Empresa 2|Reg 6|0|0|1|0|SIM-LINHA-000579|Sim|105|Dentro do prazo|SIM-LINHA-000579
28/07/2025 00:00|28/07/2025 14:28|28/07/2025 14:51|Dir.1|Empresa 2|Reg 6|0|1|1|0|SIM-LINHA-000580|Sim|23|Dentro do prazo|SIM-LINHA-000580
28/07/2025 00:00|29/07/2025 15:39|29/07/2025 16:27|Dir.1|Empresa 2|Reg 6|0|1|1|0|SIM-LINHA-000581|Sim|48|Dentro do prazo|SIM-LINHA-000581
29/07/2025 00:00|30/07/2025 16:18|30/07/2025 18:48|Dir.1|Empresa 2|Reg 6|1|1|0|0|SIM-LINHA-000582|Sim|150|Fora do prazo|SIM-LINHA-000582
30/07/2025 00:00|31/07/2025 16:54|31/07/2025 17:30|Dir.1|Empresa 2|Reg 6|0|0|1|0|SIM-LINHA-000583|Sim|36|Dentro do prazo|SIM-LINHA-000583
01/08/2025 00:00|02/08/2025 15:36|02/08/2025 16:14|Dir.1|Empresa 2|Reg 6|0|1|0|0|SIM-LINHA-000585|Sim|38|Dentro do prazo|SIM-LINHA-000585
02/08/2025 00:00|03/08/2025 15:38|03/08/2025 17:56|Dir.1|Empresa 2|Reg 6|0|0|1|0|SIM-LINHA-000586|Sim|138|Fora do prazo|SIM-LINHA-000586
01/08/2025 00:00|04/08/2025 15:00|04/08/2025 17:50|Dir.1|Empresa 2|Reg 6|1|1|0|0|SIM-LINHA-000587|Sim|170|Fora do prazo|SIM-LINHA-000587
04/08/2025 00:00|05/08/2025 17:23|05/08/2025 20:03|Dir.1|Empresa 2|Reg 6|0|1|0|0|SIM-LINHA-000588|Sim|160|Fora do prazo|SIM-LINHA-000588
05/08/2025 00:00|06/08/2025 16:06|06/08/2025 16:38|Dir.1|Empresa 2|Reg 6|0|0|1|0|SIM-LINHA-000589|Sim|32|Dentro do prazo|SIM-LINHA-000589
05/08/2025 00:00|10/08/2025 15:06|10/08/2025 15:51|Dir.1|Empresa 2|Reg 6|1|1|0|0|SIM-LINHA-000593|Sim|45|Dentro do prazo|SIM-LINHA-000593
11/08/2025 00:00|12/08/2025 17:00|12/08/2025 18:21|Dir.1|Empresa 2|Reg 6|0|0|1|0|SIM-LINHA-000595|Sim|81|Dentro do prazo|SIM-LINHA-000595
12/08/2025 00:00|13/08/2025 16:32|13/08/2025 18:49|Dir.1|Empresa 2|Reg 6|1|1|0|0|SIM-LINHA-000596|Sim|137|Fora do prazo|SIM-LINHA-000596
17/08/2025 00:00|18/08/2025 14:53|18/08/2025 15:49|Dir.1|Empresa 2|Reg 6|0|0|1|0|SIM-LINHA-000601|Sim|56|Dentro do prazo|SIM-LINHA-000601
18/08/2025 00:00|19/08/2025 14:32|19/08/2025 15:40|Dir.1|Empresa 2|Reg 6|0|1|1|0|SIM-LINHA-000602|Sim|68|Dentro do prazo|SIM-LINHA-000602
19/08/2025 00:00|20/08/2025 17:20|20/08/2025 17:52|Dir.1|Empresa 2|Reg 6|0|1|1|0|SIM-LINHA-000603|Sim|32|Dentro do prazo|SIM-LINHA-000603
22/08/2025 00:00|23/08/2025 15:59|23/08/2025 17:27|Dir.1|Empresa 2|Reg 6|0|1|0|0|SIM-LINHA-000606|Sim|88|Dentro do prazo|SIM-LINHA-000606
26/08/2025 00:00|27/08/2025 15:58|27/08/2025 16:53|Dir.1|Empresa 2|Reg 6|0|0|1|0|SIM-LINHA-000610|Sim|55|Dentro do prazo|SIM-LINHA-000610
27/08/2025 00:00|28/08/2025 15:56|28/08/2025 16:18|Dir.1|Empresa 2|Reg 6|0|0|1|0|SIM-LINHA-000611|Sim|22|Dentro do prazo|SIM-LINHA-000611
28/08/2025 00:00|29/08/2025 14:27|29/08/2025 15:36|Dir.1|Empresa 2|Reg 6|0|1|1|0|SIM-LINHA-000612|Sim|69|Dentro do prazo|SIM-LINHA-000612
29/08/2025 00:00|30/08/2025 15:28|30/08/2025 16:53|Dir.1|Empresa 2|Reg 6|0|0|1|0|SIM-LINHA-000613|Sim|85|Dentro do prazo|SIM-LINHA-000613
30/08/2025 00:00|31/08/2025 16:18|31/08/2025 17:49|Dir.1|Empresa 2|Reg 6|0|0|1|0|SIM-LINHA-000614|Sim|91|Dentro do prazo|SIM-LINHA-000614
20/08/2025 00:00|01/09/2025 16:13|01/09/2025 16:52|Dir.1|Empresa 2|Reg 6|0|1|1|0|SIM-LINHA-000615|Sim|39|Dentro do prazo|SIM-LINHA-000615
02/09/2025 00:00|03/09/2025 15:00|03/09/2025 16:47|Dir.1|Empresa 2|Reg 6|1|1|0|0|SIM-LINHA-000617|Sim|107|Dentro do prazo|SIM-LINHA-000617
03/09/2025 00:00|04/09/2025 14:34|04/09/2025 17:15|Dir.1|Empresa 2|Reg 6|0|0|1|0|SIM-LINHA-000618|Sim|161|Fora do prazo|SIM-LINHA-000618
04/09/2025 00:00|05/09/2025 14:54|05/09/2025 16:23|Dir.1|Empresa 2|Reg 6|0|1|1|0|SIM-LINHA-000619|Sim|89|Dentro do prazo|SIM-LINHA-000619
01/09/2025 00:00|06/09/2025 15:12|06/09/2025 16:24|Dir.1|Empresa 2|Reg 6|1|1|1|1|SIM-LINHA-000620|Sim|72|Dentro do prazo|SIM-LINHA-000620
10/09/2025 00:00|11/09/2025 15:13|11/09/2025 16:22|Dir.1|Empresa 2|Reg 6|1|0|0|0|SIM-LINHA-000625|Sim|69|Dentro do prazo|SIM-LINHA-000625
11/09/2025 00:00|12/09/2025 17:24|12/09/2025 19:09|Dir.1|Empresa 2|Reg 6|0|1|0|0|SIM-LINHA-000626|Sim|105|Dentro do prazo|SIM-LINHA-000626
02/09/2025 00:00|14/09/2025 15:49|14/09/2025 17:56|Dir.1|Empresa 2|Reg 6|1|1|0|0|SIM-LINHA-000628|Sim|127|Fora do prazo|SIM-LINHA-000628
14/09/2025 00:00|15/09/2025 14:36|15/09/2025 16:29|Dir.1|Empresa 2|Reg 6|0|1|0|0|SIM-LINHA-000629|Sim|113|Dentro do prazo|SIM-LINHA-000629
16/09/2025 00:00|17/09/2025 16:17|17/09/2025 18:31|Dir.1|Empresa 2|Reg 6|0|1|1|0|SIM-LINHA-000631|Sim|134|Fora do prazo|SIM-LINHA-000631
19/09/2025 00:00|20/09/2025 16:41|20/09/2025 18:41|Dir.1|Empresa 2|Reg 6|0|1|1|0|SIM-LINHA-000634|Sim|120|Dentro do prazo|SIM-LINHA-000634
20/09/2025 00:00|21/09/2025 16:11|21/09/2025 17:55|Dir.1|Empresa 2|Reg 6|0|1|0|0|SIM-LINHA-000635|Sim|104|Dentro do prazo|SIM-LINHA-000635
23/09/2025 00:00|24/09/2025 14:25|24/09/2025 16:21|Dir.1|Empresa 2|Reg 6|0|0|1|0|SIM-LINHA-000638|Sim|116|Dentro do prazo|SIM-LINHA-000638
24/09/2025 00:00|25/09/2025 15:57|25/09/2025 17:03|Dir.1|Empresa 2|Reg 6|0|1|0|0|SIM-LINHA-000639|Sim|66|Dentro do prazo|SIM-LINHA-000639
25/09/2025 00:00|26/09/2025 14:32|26/09/2025 15:41|Dir.1|Empresa 2|Reg 6|0|1|1|0|SIM-LINHA-000640|Sim|69|Dentro do prazo|SIM-LINHA-000640
27/09/2025 00:00|28/09/2025 16:56|28/09/2025 17:40|Dir.1|Empresa 2|Reg 6|1|1|0|0|SIM-LINHA-000642|Sim|44|Dentro do prazo|SIM-LINHA-000642
24/09/2025 00:00|29/09/2025 15:44|29/09/2025 17:04|Dir.1|Empresa 2|Reg 6|0|0|1|0|SIM-LINHA-000643|Sim|80|Dentro do prazo|SIM-LINHA-000643
30/09/2025 00:00|01/10/2025 15:07|01/10/2025 16:13|Dir.1|Empresa 2|Reg 6|0|0|1|0|SIM-LINHA-000645|Sim|66|Dentro do prazo|SIM-LINHA-000645
01/07/2025 00:00|02/07/2025 14:39|02/07/2025 16:42|Dir.1|Empresa 2|Reg 5|1|0|0|0|SIM-LINHA-000646|Sim|123|Fora do prazo|SIM-LINHA-000646
03/07/2025 00:00|04/07/2025 16:26|04/07/2025 17:19|Dir.1|Empresa 2|Reg 5|1|1|1|1|SIM-LINHA-000648|Sim|53|Dentro do prazo|SIM-LINHA-000648
04/07/2025 00:00|05/07/2025 15:16|05/07/2025 16:38|Dir.1|Empresa 2|Reg 5|0|0|1|0|SIM-LINHA-000649|Sim|82|Dentro do prazo|SIM-LINHA-000649
06/07/2025 00:00|07/07/2025 14:51|07/07/2025 15:32|Dir.1|Empresa 2|Reg 5|0|0|1|0|SIM-LINHA-000651|Sim|41|Dentro do prazo|SIM-LINHA-000651
08/07/2025 00:00|09/07/2025 16:20|09/07/2025 17:01|Dir.1|Empresa 2|Reg 5|0|1|1|0|SIM-LINHA-000653|Sim|41|Dentro do prazo|SIM-LINHA-000653
09/07/2025 00:00|10/07/2025 15:38|10/07/2025 17:52|Dir.1|Empresa 2|Reg 5|0|1|1|0|SIM-LINHA-000654|Sim|134|Fora do prazo|SIM-LINHA-000654
12/07/2025 00:00|13/07/2025 15:46|13/07/2025 16:06|Dir.1|Empresa 2|Reg 5|0|0|1|0|SIM-LINHA-000657|Sim|20|Dentro do prazo|SIM-LINHA-000657
09/07/2025 00:00|14/07/2025 16:59|14/07/2025 18:34|Dir.1|Empresa 2|Reg 5|0|1|1|0|SIM-LINHA-000658|Sim|95|Dentro do prazo|SIM-LINHA-000658
15/07/2025 00:00|16/07/2025 15:24|16/07/2025 17:24|Dir.1|Empresa 2|Reg 5|1|1|0|0|SIM-LINHA-000660|Sim|120|Dentro do prazo|SIM-LINHA-000660
17/07/2025 00:00|18/07/2025 17:08|18/07/2025 19:54|Dir.1|Empresa 2|Reg 5|1|0|1|0|SIM-LINHA-000662|Sim|166|Fora do prazo|SIM-LINHA-000662
18/07/2025 00:00|19/07/2025 16:39|19/07/2025 18:08|Dir.1|Empresa 2|Reg 5|0|1|1|0|SIM-LINHA-000663|Sim|89|Dentro do prazo|SIM-LINHA-000663
20/07/2025 00:00|21/07/2025 15:51|21/07/2025 18:27|Dir.1|Empresa 2|Reg 5|0|0|1|0|SIM-LINHA-000665|Sim|156|Fora do prazo|SIM-LINHA-000665
22/07/2025 00:00|23/07/2025 14:33|23/07/2025 16:05|Dir.1|Empresa 2|Reg 5|0|1|1|0|SIM-LINHA-000667|Sim|92|Dentro do prazo|SIM-LINHA-000667
25/07/2025 00:00|26/07/2025 16:47|26/07/2025 17:13|Dir.1|Empresa 2|Reg 5|0|1|0|0|SIM-LINHA-000670|Sim|26|Dentro do prazo|SIM-LINHA-000670
26/07/2025 00:00|27/07/2025 16:26|27/07/2025 17:16|Dir.1|Empresa 2|Reg 5|0|0|1|0|SIM-LINHA-000671|Sim|50|Dentro do prazo|SIM-LINHA-000671
28/07/2025 00:00|29/07/2025 16:00|29/07/2025 17:02|Dir.1|Empresa 2|Reg 5|0|0|1|0|SIM-LINHA-000673|Sim|62|Dentro do prazo|SIM-LINHA-000673
29/07/2025 00:00|30/07/2025 14:37|30/07/2025 16:54|Dir.1|Empresa 2|Reg 5|0|0|1|0|SIM-LINHA-000674|Sim|137|Fora do prazo|SIM-LINHA-000674
30/07/2025 00:00|31/07/2025 15:24|31/07/2025 15:52|Dir.1|Empresa 2|Reg 5|1|0|0|0|SIM-LINHA-000675|Sim|28|Dentro do prazo|SIM-LINHA-000675
31/07/2025 00:00|01/08/2025 16:13|01/08/2025 19:00|Dir.1|Empresa 2|Reg 5|0|1|0|0|SIM-LINHA-000676|Sim|167|Fora do prazo|SIM-LINHA-000676
02/08/2025 00:00|03/08/2025 16:35|03/08/2025 19:30|Dir.1|Empresa 2|Reg 5|0|1|1|0|SIM-LINHA-000678|Sim|175|Fora do prazo|SIM-LINHA-000678
01/08/2025 00:00|04/08/2025 17:14|04/08/2025 18:53|Dir.1|Empresa 2|Reg 5|0|1|1|0|SIM-LINHA-000679|Sim|99|Dentro do prazo|SIM-LINHA-000679
04/08/2025 00:00|05/08/2025 15:45|05/08/2025 17:19|Dir.1|Empresa 2|Reg 5|0|1|1|0|SIM-LINHA-000680|Sim|94|Dentro do prazo|SIM-LINHA-000680
06/08/2025 00:00|07/08/2025 15:40|07/08/2025 17:52|Dir.1|Empresa 2|Reg 5|0|1|1|0|SIM-LINHA-000682|Sim|132|Fora do prazo|SIM-LINHA-000682
07/08/2025 00:00|08/08/2025 16:30|08/08/2025 18:06|Dir.1|Empresa 2|Reg 5|0|0|1|0|SIM-LINHA-000683|Sim|96|Dentro do prazo|SIM-LINHA-000683
08/08/2025 00:00|09/08/2025 17:12|09/08/2025 18:08|Dir.1|Empresa 2|Reg 5|0|1|0|0|SIM-LINHA-000684|Sim|56|Dentro do prazo|SIM-LINHA-000684
10/08/2025 00:00|11/08/2025 15:28|11/08/2025 17:08|Dir.1|Empresa 2|Reg 5|1|0|0|0|SIM-LINHA-000686|Sim|100|Dentro do prazo|SIM-LINHA-000686
12/08/2025 00:00|13/08/2025 14:29|13/08/2025 16:29|Dir.1|Empresa 2|Reg 5|0|0|1|0|SIM-LINHA-000688|Sim|120|Dentro do prazo|SIM-LINHA-000688
13/08/2025 00:00|14/08/2025 16:20|14/08/2025 17:19|Dir.1|Empresa 2|Reg 5|0|1|1|0|SIM-LINHA-000689|Sim|59|Dentro do prazo|SIM-LINHA-000689
15/08/2025 00:00|16/08/2025 17:01|16/08/2025 17:59|Dir.1|Empresa 2|Reg 5|0|1|0|0|SIM-LINHA-000691|Sim|58|Dentro do prazo|SIM-LINHA-000691
16/08/2025 00:00|17/08/2025 15:11|17/08/2025 16:30|Dir.1|Empresa 2|Reg 5|1|0|0|0|SIM-LINHA-000692|Sim|79|Dentro do prazo|SIM-LINHA-000692
17/08/2025 00:00|18/08/2025 16:23|18/08/2025 17:12|Dir.1|Empresa 2|Reg 5|1|0|0|0|SIM-LINHA-000693|Sim|49|Dentro do prazo|SIM-LINHA-000693
21/08/2025 00:00|22/08/2025 17:09|22/08/2025 17:47|Dir.1|Empresa 2|Reg 5|1|0|0|0|SIM-LINHA-000697|Sim|38|Dentro do prazo|SIM-LINHA-000697
22/08/2025 00:00|23/08/2025 15:40|23/08/2025 16:30|Dir.1|Empresa 2|Reg 5|0|0|1|0|SIM-LINHA-000698|Sim|50|Dentro do prazo|SIM-LINHA-000698
23/08/2025 00:00|24/08/2025 16:23|24/08/2025 17:56|Dir.1|Empresa 2|Reg 5|1|0|0|0|SIM-LINHA-000699|Sim|93|Dentro do prazo|SIM-LINHA-000699
25/08/2025 00:00|26/08/2025 17:12|26/08/2025 18:24|Dir.1|Empresa 2|Reg 5|1|1|0|0|SIM-LINHA-000701|Sim|72|Dentro do prazo|SIM-LINHA-000701
26/08/2025 00:00|27/08/2025 14:25|27/08/2025 15:14|Dir.1|Empresa 2|Reg 5|0|1|1|0|SIM-LINHA-000702|Sim|49|Dentro do prazo|SIM-LINHA-000702
27/08/2025 00:00|28/08/2025 16:23|28/08/2025 17:40|Dir.1|Empresa 2|Reg 5|0|1|1|0|SIM-LINHA-000703|Sim|77|Dentro do prazo|SIM-LINHA-000703
25/08/2025 00:00|29/08/2025 15:58|29/08/2025 18:29|Dir.1|Empresa 2|Reg 5|0|0|1|0|SIM-LINHA-000704|Sim|151|Fora do prazo|SIM-LINHA-000704
20/08/2025 00:00|01/09/2025 16:29|01/09/2025 17:48|Dir.1|Empresa 2|Reg 5|1|1|1|1|SIM-LINHA-000707|Sim|79|Dentro do prazo|SIM-LINHA-000707
03/09/2025 00:00|04/09/2025 15:36|04/09/2025 17:56|Dir.1|Empresa 2|Reg 5|1|0|0|0|SIM-LINHA-000710|Sim|140|Fora do prazo|SIM-LINHA-000710
05/09/2025 00:00|06/09/2025 15:49|06/09/2025 16:13|Dir.1|Empresa 2|Reg 5|1|0|1|0|SIM-LINHA-000712|Sim|24|Dentro do prazo|SIM-LINHA-000712
06/09/2025 00:00|07/09/2025 15:29|07/09/2025 16:29|Dir.1|Empresa 2|Reg 5|0|1|0|0|SIM-LINHA-000713|Sim|60|Dentro do prazo|SIM-LINHA-000713
07/09/2025 00:00|08/09/2025 15:57|08/09/2025 16:48|Dir.1|Empresa 2|Reg 5|0|0|1|0|SIM-LINHA-000714|Sim|51|Dentro do prazo|SIM-LINHA-000714
09/09/2025 00:00|10/09/2025 16:49|10/09/2025 17:35|Dir.1|Empresa 2|Reg 5|0|0|1|0|SIM-LINHA-000716|Sim|46|Dentro do prazo|SIM-LINHA-000716
01/09/2025 00:00|11/09/2025 16:52|11/09/2025 18:58|Dir.1|Empresa 2|Reg 5|1|1|1|1|SIM-LINHA-000717|Sim|126|Fora do prazo|SIM-LINHA-000717
16/09/2025 00:00|17/09/2025 17:20|17/09/2025 18:09|Dir.1|Empresa 2|Reg 5|0|0|1|0|SIM-LINHA-000723|Sim|49|Dentro do prazo|SIM-LINHA-000723
17/09/2025 00:00|18/09/2025 14:38|18/09/2025 16:17|Dir.1|Empresa 2|Reg 5|0|1|1|0|SIM-LINHA-000724|Sim|99|Dentro do prazo|SIM-LINHA-000724
18/09/2025 00:00|19/09/2025 16:29|19/09/2025 17:51|Dir.1|Empresa 2|Reg 5|0|1|0|0|SIM-LINHA-000725|Sim|82|Dentro do prazo|SIM-LINHA-000725
19/09/2025 00:00|20/09/2025 15:35|20/09/2025 16:43|Dir.1|Empresa 2|Reg 5|1|0|1|0|SIM-LINHA-000726|Sim|68|Dentro do prazo|SIM-LINHA-000726
08/09/2025 00:00|21/09/2025 15:19|21/09/2025 16:34|Dir.1|Empresa 2|Reg 5|1|1|1|1|SIM-LINHA-000727|Sim|75|Dentro do prazo|SIM-LINHA-000727
23/09/2025 00:00|24/09/2025 15:49|24/09/2025 16:09|Dir.1|Empresa 2|Reg 5|1|1|0|0|SIM-LINHA-000730|Sim|20|Dentro do prazo|SIM-LINHA-000730
25/09/2025 00:00|26/09/2025 15:16|26/09/2025 17:51|Dir.1|Empresa 2|Reg 5|0|1|1|0|SIM-LINHA-000732|Sim|155|Fora do prazo|SIM-LINHA-000732
26/09/2025 00:00|27/09/2025 16:40|27/09/2025 18:04|Dir.1|Empresa 2|Reg 5|1|0|0|0|SIM-LINHA-000733|Sim|84|Dentro do prazo|SIM-LINHA-000733
23/09/2025 00:00|29/09/2025 16:50|29/09/2025 18:25|Dir.1|Empresa 2|Reg 5|0|0|1|0|SIM-LINHA-000735|Sim|95|Dentro do prazo|SIM-LINHA-000735
29/09/2025 00:00|30/09/2025 15:00|30/09/2025 15:43|Dir.1|Empresa 2|Reg 5|1|0|0|0|SIM-LINHA-000736|Sim|43|Dentro do prazo|SIM-LINHA-000736
30/09/2025 00:00|01/10/2025 15:36|01/10/2025 17:10|Dir.1|Empresa 2|Reg 5|0|1|0|0|SIM-LINHA-000737|Sim|94|Dentro do prazo|SIM-LINHA-000737
01/07/2025 00:00|05/07/2025 16:35|05/07/2025 19:07|Dir.1|Empresa 3|Reg 4|1|1|1|1|SIM-LINHA-000741|Sim|152|Fora do prazo|SIM-LINHA-000741
05/07/2025 00:00|06/07/2025 15:13|06/07/2025 17:03|Dir.1|Empresa 3|Reg 4|0|0|1|0|SIM-LINHA-000742|Sim|110|Dentro do prazo|SIM-LINHA-000742
07/07/2025 00:00|08/07/2025 17:13|08/07/2025 19:24|Dir.1|Empresa 3|Reg 4|0|1|1|0|SIM-LINHA-000744|Sim|131|Fora do prazo|SIM-LINHA-000744
10/07/2025 00:00|11/07/2025 16:15|11/07/2025 18:25|Dir.1|Empresa 3|Reg 4|1|0|1|0|SIM-LINHA-000747|Sim|130|Fora do prazo|SIM-LINHA-000747
11/07/2025 00:00|12/07/2025 17:24|12/07/2025 19:15|Dir.1|Empresa 3|Reg 4|0|1|1|0|SIM-LINHA-000748|Sim|111|Dentro do prazo|SIM-LINHA-000748
12/07/2025 00:00|13/07/2025 15:17|13/07/2025 16:24|Dir.1|Empresa 3|Reg 4|0|0|1|0|SIM-LINHA-000749|Sim|67|Dentro do prazo|SIM-LINHA-000749
17/07/2025 00:00|18/07/2025 14:54|18/07/2025 15:58|Dir.1|Empresa 3|Reg 4|1|1|1|1|SIM-LINHA-000754|Sim|64|Dentro do prazo|SIM-LINHA-000754
18/07/2025 00:00|19/07/2025 15:11|19/07/2025 16:12|Dir.1|Empresa 3|Reg 4|1|1|0|0|SIM-LINHA-000755|Sim|61|Dentro do prazo|SIM-LINHA-000755
17/07/2025 00:00|20/07/2025 16:09|20/07/2025 17:46|Dir.1|Empresa 3|Reg 4|1|1|1|1|SIM-LINHA-000756|Sim|97|Dentro do prazo|SIM-LINHA-000756
21/07/2025 00:00|21/07/2025 15:15|21/07/2025 16:50|Dir.1|Empresa 3|Reg 4|0|1|1|0|SIM-LINHA-000757|Sim|95|Dentro do prazo|SIM-LINHA-000757
21/07/2025 00:00|22/07/2025 17:16|22/07/2025 19:10|Dir.1|Empresa 3|Reg 4|0|1|0|0|SIM-LINHA-000758|Sim|114|Dentro do prazo|SIM-LINHA-000758
22/07/2025 00:00|23/07/2025 15:09|23/07/2025 15:46|Dir.1|Empresa 3|Reg 4|1|0|1|0|SIM-LINHA-000759|Sim|37|Dentro do prazo|SIM-LINHA-000759
25/07/2025 00:00|26/07/2025 14:49|26/07/2025 17:07|Dir.1|Empresa 3|Reg 4|0|0|1|0|SIM-LINHA-000762|Sim|138|Fora do prazo|SIM-LINHA-000762
26/07/2025 00:00|27/07/2025 15:51|27/07/2025 16:53|Dir.1|Empresa 3|Reg 4|0|1|0|0|SIM-LINHA-000763|Sim|62|Dentro do prazo|SIM-LINHA-000763
28/07/2025 00:00|29/07/2025 14:28|29/07/2025 15:36|Dir.1|Empresa 3|Reg 4|1|0|0|0|SIM-LINHA-000765|Sim|68|Dentro do prazo|SIM-LINHA-000765
29/07/2025 00:00|30/07/2025 16:59|30/07/2025 18:38|Dir.1|Empresa 3|Reg 4|0|1|1|0|SIM-LINHA-000766|Sim|99|Dentro do prazo|SIM-LINHA-000766
31/07/2025 00:00|01/08/2025 16:22|01/08/2025 17:47|Dir.1|Empresa 3|Reg 4|1|1|0|0|SIM-LINHA-000768|Sim|85|Dentro do prazo|SIM-LINHA-000768
01/08/2025 00:00|02/08/2025 15:46|02/08/2025 16:31|Dir.1|Empresa 3|Reg 4|0|0|1|0|SIM-LINHA-000769|Sim|45|Dentro do prazo|SIM-LINHA-000769
02/08/2025 00:00|03/08/2025 15:17|03/08/2025 17:22|Dir.1|Empresa 3|Reg 4|0|1|0|0|SIM-LINHA-000770|Sim|125|Fora do prazo|SIM-LINHA-000770
04/08/2025 00:00|05/08/2025 15:42|05/08/2025 16:27|Dir.1|Empresa 3|Reg 4|0|1|0|0|SIM-LINHA-000772|Sim|45|Dentro do prazo|SIM-LINHA-000772
05/08/2025 00:00|06/08/2025 16:41|06/08/2025 18:02|Dir.1|Empresa 3|Reg 4|1|0|1|0|SIM-LINHA-000773|Sim|81|Dentro do prazo|SIM-LINHA-000773
06/08/2025 00:00|07/08/2025 15:18|07/08/2025 16:07|Dir.1|Empresa 3|Reg 4|1|0|1|0|SIM-LINHA-000774|Sim|49|Dentro do prazo|SIM-LINHA-000774
09/08/2025 00:00|10/08/2025 16:41|10/08/2025 17:02|Dir.1|Empresa 3|Reg 4|1|0|0|0|SIM-LINHA-000777|Sim|21|Dentro do prazo|SIM-LINHA-000777
12/08/2025 00:00|13/08/2025 16:38|13/08/2025 17:40|Dir.1|Empresa 3|Reg 4|0|0|1|0|SIM-LINHA-000780|Sim|62|Dentro do prazo|SIM-LINHA-000780
14/08/2025 00:00|15/08/2025 16:47|15/08/2025 18:17|Dir.1|Empresa 3|Reg 4|1|1|1|1|SIM-LINHA-000782|Sim|90|Dentro do prazo|SIM-LINHA-000782
15/08/2025 00:00|16/08/2025 16:34|16/08/2025 18:19|Dir.1|Empresa 3|Reg 4|0|0|1|0|SIM-LINHA-000783|Sim|105|Dentro do prazo|SIM-LINHA-000783
06/08/2025 00:00|18/08/2025 15:13|18/08/2025 17:53|Dir.1|Empresa 3|Reg 4|1|0|1|0|SIM-LINHA-000785|Sim|160|Fora do prazo|SIM-LINHA-000785
18/08/2025 00:00|19/08/2025 17:17|19/08/2025 18:16|Dir.1|Empresa 3|Reg 4|1|0|0|0|SIM-LINHA-000786|Sim|59|Dentro do prazo|SIM-LINHA-000786
19/08/2025 00:00|20/08/2025 16:57|20/08/2025 18:13|Dir.1|Empresa 3|Reg 4|0|0|1|0|SIM-LINHA-000787|Sim|76|Dentro do prazo|SIM-LINHA-000787
20/08/2025 00:00|21/08/2025 17:14|21/08/2025 17:49|Dir.1|Empresa 3|Reg 4|0|1|0|0|SIM-LINHA-000788|Sim|35|Dentro do prazo|SIM-LINHA-000788
21/08/2025 00:00|22/08/2025 16:36|22/08/2025 18:31|Dir.1|Empresa 3|Reg 4|0|0|1|0|SIM-LINHA-000789|Sim|115|Dentro do prazo|SIM-LINHA-000789
23/08/2025 00:00|24/08/2025 17:22|24/08/2025 18:08|Dir.1|Empresa 3|Reg 4|0|1|0|0|SIM-LINHA-000791|Sim|46|Dentro do prazo|SIM-LINHA-000791
24/08/2025 00:00|25/08/2025 16:10|25/08/2025 19:05|Dir.1|Empresa 3|Reg 4|1|0|1|0|SIM-LINHA-000792|Sim|175|Fora do prazo|SIM-LINHA-000792
25/08/2025 00:00|26/08/2025 15:06|26/08/2025 15:51|Dir.1|Empresa 3|Reg 4|1|0|1|0|SIM-LINHA-000793|Sim|45|Dentro do prazo|SIM-LINHA-000793
26/08/2025 00:00|27/08/2025 14:50|27/08/2025 16:45|Dir.1|Empresa 3|Reg 4|0|1|1|0|SIM-LINHA-000794|Sim|115|Dentro do prazo|SIM-LINHA-000794
28/08/2025 00:00|29/08/2025 15:00|29/08/2025 16:48|Dir.1|Empresa 3|Reg 4|0|0|1|0|SIM-LINHA-000796|Sim|108|Dentro do prazo|SIM-LINHA-000796
29/08/2025 00:00|30/08/2025 16:25|30/08/2025 17:02|Dir.1|Empresa 3|Reg 4|0|1|1|0|SIM-LINHA-000797|Sim|37|Dentro do prazo|SIM-LINHA-000797
25/08/2025 00:00|01/09/2025 17:20|01/09/2025 17:56|Dir.1|Empresa 3|Reg 4|1|1|0|0|SIM-LINHA-000799|Sim|36|Dentro do prazo|SIM-LINHA-000799
01/09/2025 00:00|02/09/2025 14:35|02/09/2025 16:00|Dir.1|Empresa 3|Reg 4|0|1|1|0|SIM-LINHA-000800|Sim|85|Dentro do prazo|SIM-LINHA-000800
02/09/2025 00:00|03/09/2025 17:11|03/09/2025 18:15|Dir.1|Empresa 3|Reg 4|1|1|1|1|SIM-LINHA-000801|Sim|64|Dentro do prazo|SIM-LINHA-000801
03/09/2025 00:00|04/09/2025 15:22|04/09/2025 18:00|Dir.1|Empresa 3|Reg 4|0|0|1|0|SIM-LINHA-000802|Sim|158|Fora do prazo|SIM-LINHA-000802
04/09/2025 00:00|05/09/2025 17:11|05/09/2025 18:58|Dir.1|Empresa 3|Reg 4|0|1|0|0|SIM-LINHA-000803|Sim|107|Dentro do prazo|SIM-LINHA-000803
05/09/2025 00:00|06/09/2025 15:03|06/09/2025 17:38|Dir.1|Empresa 3|Reg 4|0|0|1|0|SIM-LINHA-000804|Sim|155|Fora do prazo|SIM-LINHA-000804
06/09/2025 00:00|07/09/2025 15:16|07/09/2025 16:31|Dir.1|Empresa 3|Reg 4|0|1|0|0|SIM-LINHA-000805|Sim|75|Dentro do prazo|SIM-LINHA-000805
08/09/2025 00:00|09/09/2025 14:48|09/09/2025 17:02|Dir.1|Empresa 3|Reg 4|1|0|1|0|SIM-LINHA-000807|Sim|134|Fora do prazo|SIM-LINHA-000807
09/09/2025 00:00|10/09/2025 16:41|10/09/2025 17:41|Dir.1|Empresa 3|Reg 4|0|1|1|0|SIM-LINHA-000808|Sim|60|Dentro do prazo|SIM-LINHA-000808
10/09/2025 00:00|11/09/2025 14:40|11/09/2025 16:36|Dir.1|Empresa 3|Reg 4|1|1|0|0|SIM-LINHA-000809|Sim|116|Dentro do prazo|SIM-LINHA-000809
11/09/2025 00:00|12/09/2025 15:52|12/09/2025 17:05|Dir.1|Empresa 3|Reg 4|0|1|1|0|SIM-LINHA-000810|Sim|73|Dentro do prazo|SIM-LINHA-000810
12/09/2025 00:00|13/09/2025 14:44|13/09/2025 15:34|Dir.1|Empresa 3|Reg 4|0|1|0|0|SIM-LINHA-000811|Sim|50|Dentro do prazo|SIM-LINHA-000811
13/09/2025 00:00|14/09/2025 16:49|14/09/2025 17:13|Dir.1|Empresa 3|Reg 4|0|1|1|0|SIM-LINHA-000812|Sim|24|Dentro do prazo|SIM-LINHA-000812
14/09/2025 00:00|15/09/2025 14:59|15/09/2025 16:53|Dir.1|Empresa 3|Reg 4|0|0|1|0|SIM-LINHA-000813|Sim|114|Dentro do prazo|SIM-LINHA-000813
15/09/2025 00:00|16/09/2025 17:22|16/09/2025 19:05|Dir.1|Empresa 3|Reg 4|0|1|1|0|SIM-LINHA-000814|Sim|103|Dentro do prazo|SIM-LINHA-000814
16/09/2025 00:00|17/09/2025 14:30|17/09/2025 16:20|Dir.1|Empresa 3|Reg 4|0|0|1|0|SIM-LINHA-000815|Sim|110|Dentro do prazo|SIM-LINHA-000815
18/09/2025 00:00|19/09/2025 14:45|19/09/2025 16:07|Dir.1|Empresa 3|Reg 4|0|1|0|0|SIM-LINHA-000817|Sim|82|Dentro do prazo|SIM-LINHA-000817
19/09/2025 00:00|20/09/2025 17:18|20/09/2025 17:43|Dir.1|Empresa 3|Reg 4|0|0|1|0|SIM-LINHA-000818|Sim|25|Dentro do prazo|SIM-LINHA-000818
22/09/2025 00:00|22/09/2025 16:42|22/09/2025 17:38|Dir.1|Empresa 3|Reg 4|1|0|1|0|SIM-LINHA-000820|Sim|56|Dentro do prazo|SIM-LINHA-000820
22/09/2025 00:00|23/09/2025 16:40|23/09/2025 17:17|Dir.1|Empresa 3|Reg 4|1|0|0|0|SIM-LINHA-000821|Sim|37|Dentro do prazo|SIM-LINHA-000821
24/09/2025 00:00|25/09/2025 15:33|25/09/2025 15:57|Dir.1|Empresa 3|Reg 4|0|1|0|0|SIM-LINHA-000823|Sim|24|Dentro do prazo|SIM-LINHA-000823
25/09/2025 00:00|26/09/2025 16:08|26/09/2025 16:32|Dir.1|Empresa 3|Reg 4|1|0|0|0|SIM-LINHA-000824|Sim|24|Dentro do prazo|SIM-LINHA-000824
26/09/2025 00:00|27/09/2025 14:43|27/09/2025 15:50|Dir.1|Empresa 3|Reg 4|0|0|1|0|SIM-LINHA-000825|Sim|67|Dentro do prazo|SIM-LINHA-000825
27/09/2025 00:00|28/09/2025 16:51|28/09/2025 17:20|Dir.1|Empresa 3|Reg 4|1|0|0|0|SIM-LINHA-000826|Sim|29|Dentro do prazo|SIM-LINHA-000826
29/09/2025 00:00|29/09/2025 16:38|29/09/2025 19:24|Dir.1|Empresa 3|Reg 4|0|1|1|0|SIM-LINHA-000827|Sim|166|Fora do prazo|SIM-LINHA-000827
29/09/2025 00:00|30/09/2025 16:57|30/09/2025 17:47|Dir.1|Empresa 3|Reg 4|0|1|1|0|SIM-LINHA-000828|Sim|50|Dentro do prazo|SIM-LINHA-000828
30/09/2025 00:00|01/10/2025 14:33|01/10/2025 15:57|Dir.1|Empresa 3|Reg 4|1|0|1|0|SIM-LINHA-000829|Sim|84|Dentro do prazo|SIM-LINHA-000829
02/07/2025 00:00|03/07/2025 15:38|03/07/2025 16:21|Dir.1|Empresa 2|Reg 3|0|0|1|0|SIM-LINHA-000831|Sim|43|Dentro do prazo|SIM-LINHA-000831
03/07/2025 00:00|04/07/2025 16:11|04/07/2025 17:01|Dir.1|Empresa 2|Reg 3|1|0|0|0|SIM-LINHA-000832|Sim|50|Dentro do prazo|SIM-LINHA-000832
04/07/2025 00:00|05/07/2025 15:21|05/07/2025 17:18|Dir.1|Empresa 2|Reg 3|0|1|0|0|SIM-LINHA-000833|Sim|117|Dentro do prazo|SIM-LINHA-000833
02/07/2025 00:00|07/07/2025 15:06|07/07/2025 17:15|Dir.1|Empresa 2|Reg 3|1|1|1|1|SIM-LINHA-000835|Sim|129|Fora do prazo|SIM-LINHA-000835
07/07/2025 00:00|08/07/2025 17:04|08/07/2025 18:27|Dir.1|Empresa 2|Reg 3|0|0|1|0|SIM-LINHA-000836|Sim|83|Dentro do prazo|SIM-LINHA-000836
10/07/2025 00:00|11/07/2025 14:58|11/07/2025 16:26|Dir.1|Empresa 2|Reg 3|1|0|0|0|SIM-LINHA-000839|Sim|88|Dentro do prazo|SIM-LINHA-000839
11/07/2025 00:00|12/07/2025 15:57|12/07/2025 16:33|Dir.1|Empresa 2|Reg 3|1|1|1|1|SIM-LINHA-000840|Sim|36|Dentro do prazo|SIM-LINHA-000840
12/07/2025 00:00|13/07/2025 14:41|13/07/2025 16:23|Dir.1|Empresa 2|Reg 3|0|1|1|0|SIM-LINHA-000841|Sim|102|Dentro do prazo|SIM-LINHA-000841
13/07/2025 00:00|14/07/2025 17:14|14/07/2025 18:29|Dir.1|Empresa 2|Reg 3|0|0|1|0|SIM-LINHA-000842|Sim|75|Dentro do prazo|SIM-LINHA-000842
14/07/2025 00:00|15/07/2025 16:18|15/07/2025 18:45|Dir.1|Empresa 2|Reg 3|1|1|1|1|SIM-LINHA-000843|Sim|147|Fora do prazo|SIM-LINHA-000843
15/07/2025 00:00|16/07/2025 16:36|16/07/2025 19:12|Dir.1|Empresa 2|Reg 3|0|0|1|0|SIM-LINHA-000844|Sim|156|Fora do prazo|SIM-LINHA-000844
16/07/2025 00:00|17/07/2025 15:30|17/07/2025 18:05|Dir.1|Empresa 2|Reg 3|1|0|0|0|SIM-LINHA-000845|Sim|155|Fora do prazo|SIM-LINHA-000845
17/07/2025 00:00|18/07/2025 17:03|18/07/2025 18:00|Dir.1|Empresa 2|Reg 3|0|1|1|0|SIM-LINHA-000846|Sim|57|Dentro do prazo|SIM-LINHA-000846
20/07/2025 00:00|21/07/2025 15:17|21/07/2025 15:47|Dir.1|Empresa 2|Reg 3|1|0|0|0|SIM-LINHA-000849|Sim|30|Dentro do prazo|SIM-LINHA-000849
21/07/2025 00:00|22/07/2025 16:21|22/07/2025 17:44|Dir.1|Empresa 2|Reg 3|0|1|0|0|SIM-LINHA-000850|Sim|83|Dentro do prazo|SIM-LINHA-000850
23/07/2025 00:00|24/07/2025 15:21|24/07/2025 17:17|Dir.1|Empresa 2|Reg 3|0|1|1|0|SIM-LINHA-000852|Sim|116|Dentro do prazo|SIM-LINHA-000852
25/07/2025 00:00|26/07/2025 17:23|26/07/2025 18:17|Dir.1|Empresa 2|Reg 3|0|1|1|0|SIM-LINHA-000854|Sim|54|Dentro do prazo|SIM-LINHA-000854
26/07/2025 00:00|27/07/2025 15:47|27/07/2025 17:20|Dir.1|Empresa 2|Reg 3|1|0|0|0|SIM-LINHA-000855|Sim|93|Dentro do prazo|SIM-LINHA-000855
27/07/2025 00:00|28/07/2025 16:02|28/07/2025 16:41|Dir.1|Empresa 2|Reg 3|0|0|1|0|SIM-LINHA-000856|Sim|39|Dentro do prazo|SIM-LINHA-000856
28/07/2025 00:00|29/07/2025 14:31|29/07/2025 16:29|Dir.1|Empresa 2|Reg 3|1|1|1|1|SIM-LINHA-000857|Sim|118|Dentro do prazo|SIM-LINHA-000857
30/07/2025 00:00|31/07/2025 17:01|31/07/2025 18:11|Dir.1|Empresa 2|Reg 3|1|0|0|0|SIM-LINHA-000859|Sim|70|Dentro do prazo|SIM-LINHA-000859
31/07/2025 00:00|01/08/2025 15:55|01/08/2025 17:49|Dir.1|Empresa 2|Reg 3|0|0|1|0|SIM-LINHA-000860|Sim|114|Dentro do prazo|SIM-LINHA-000860
02/08/2025 00:00|03/08/2025 14:47|03/08/2025 15:20|Dir.1|Empresa 2|Reg 3|0|0|1|0|SIM-LINHA-000862|Sim|33|Dentro do prazo|SIM-LINHA-000862
03/08/2025 00:00|04/08/2025 17:09|04/08/2025 19:59|Dir.1|Empresa 2|Reg 3|0|1|0|0|SIM-LINHA-000863|Sim|170|Fora do prazo|SIM-LINHA-000863
04/08/2025 00:00|05/08/2025 15:13|05/08/2025 16:44|Dir.1|Empresa 2|Reg 3|0|1|1|0|SIM-LINHA-000864|Sim|91|Dentro do prazo|SIM-LINHA-000864
07/08/2025 00:00|08/08/2025 16:56|08/08/2025 18:51|Dir.1|Empresa 2|Reg 3|1|0|1|0|SIM-LINHA-000867|Sim|115|Dentro do prazo|SIM-LINHA-000867
06/08/2025 00:00|11/08/2025 14:51|11/08/2025 15:39|Dir.1|Empresa 2|Reg 3|0|1|1|0|SIM-LINHA-000870|Sim|48|Dentro do prazo|SIM-LINHA-000870
13/08/2025 00:00|14/08/2025 16:02|14/08/2025 18:38|Dir.1|Empresa 2|Reg 3|1|1|0|0|SIM-LINHA-000873|Sim|156|Fora do prazo|SIM-LINHA-000873
14/08/2025 00:00|15/08/2025 17:20|15/08/2025 18:47|Dir.1|Empresa 2|Reg 3|1|0|0|0|SIM-LINHA-000874|Sim|87|Dentro do prazo|SIM-LINHA-000874
04/08/2025 00:00|16/08/2025 17:21|16/08/2025 18:59|Dir.1|Empresa 2|Reg 3|1|1|1|1|SIM-LINHA-000875|Sim|98|Dentro do prazo|SIM-LINHA-000875
16/08/2025 00:00|17/08/2025 14:40|17/08/2025 15:14|Dir.1|Empresa 2|Reg 3|1|1|1|1|SIM-LINHA-000876|Sim|34|Dentro do prazo|SIM-LINHA-000876
17/08/2025 00:00|18/08/2025 16:46|18/08/2025 17:55|Dir.1|Empresa 2|Reg 3|0|0|1|0|SIM-LINHA-000877|Sim|69|Dentro do prazo|SIM-LINHA-000877
19/08/2025 00:00|20/08/2025 15:34|20/08/2025 16:15|Dir.1|Empresa 2|Reg 3|0|1|0|0|SIM-LINHA-000879|Sim|41|Dentro do prazo|SIM-LINHA-000879
26/08/2025 00:00|27/08/2025 15:30|27/08/2025 18:14|Dir.1|Empresa 2|Reg 3|0|0|1|0|SIM-LINHA-000886|Sim|164|Fora do prazo|SIM-LINHA-000886
28/08/2025 00:00|29/08/2025 17:11|29/08/2025 20:07|Dir.1|Empresa 2|Reg 3|0|1|0|0|SIM-LINHA-000888|Sim|176|Fora do prazo|SIM-LINHA-000888
30/08/2025 00:00|31/08/2025 16:15|31/08/2025 18:42|Dir.1|Empresa 2|Reg 3|0|0|1|0|SIM-LINHA-000890|Sim|147|Fora do prazo|SIM-LINHA-000890
02/09/2025 00:00|03/09/2025 16:12|03/09/2025 16:45|Dir.1|Empresa 2|Reg 3|1|1|1|1|SIM-LINHA-000893|Sim|33|Dentro do prazo|SIM-LINHA-000893
03/09/2025 00:00|04/09/2025 17:23|04/09/2025 18:04|Dir.1|Empresa 2|Reg 3|0|0|1|0|SIM-LINHA-000894|Sim|41|Dentro do prazo|SIM-LINHA-000894
04/09/2025 00:00|05/09/2025 15:30|05/09/2025 17:00|Dir.1|Empresa 2|Reg 3|0|0|1|0|SIM-LINHA-000895|Sim|90|Dentro do prazo|SIM-LINHA-000895
05/09/2025 00:00|06/09/2025 17:13|06/09/2025 18:09|Dir.1|Empresa 2|Reg 3|1|1|0|0|SIM-LINHA-000896|Sim|56|Dentro do prazo|SIM-LINHA-000896
06/09/2025 00:00|07/09/2025 16:33|07/09/2025 17:08|Dir.1|Empresa 2|Reg 3|0|1|0|0|SIM-LINHA-000897|Sim|35|Dentro do prazo|SIM-LINHA-000897
08/09/2025 00:00|09/09/2025 15:33|09/09/2025 17:22|Dir.1|Empresa 2|Reg 3|1|0|0|0|SIM-LINHA-000899|Sim|109|Dentro do prazo|SIM-LINHA-000899
10/09/2025 00:00|11/09/2025 16:55|11/09/2025 17:36|Dir.1|Empresa 2|Reg 3|0|1|1|0|SIM-LINHA-000901|Sim|41|Dentro do prazo|SIM-LINHA-000901
11/09/2025 00:00|12/09/2025 17:17|12/09/2025 18:37|Dir.1|Empresa 2|Reg 3|0|1|0|0|SIM-LINHA-000902|Sim|80|Dentro do prazo|SIM-LINHA-000902
08/09/2025 00:00|13/09/2025 15:43|13/09/2025 16:55|Dir.1|Empresa 2|Reg 3|1|1|1|1|SIM-LINHA-000903|Sim|72|Dentro do prazo|SIM-LINHA-000903
13/09/2025 00:00|14/09/2025 17:03|14/09/2025 17:43|Dir.1|Empresa 2|Reg 3|0|1|1|0|SIM-LINHA-000904|Sim|40|Dentro do prazo|SIM-LINHA-000904
04/09/2025 00:00|15/09/2025 15:41|15/09/2025 16:54|Dir.1|Empresa 2|Reg 3|1|1|1|1|SIM-LINHA-000905|Sim|73|Dentro do prazo|SIM-LINHA-000905
15/09/2025 00:00|16/09/2025 16:56|16/09/2025 18:34|Dir.1|Empresa 2|Reg 3|0|0|1|0|SIM-LINHA-000906|Sim|98|Dentro do prazo|SIM-LINHA-000906
16/09/2025 00:00|17/09/2025 16:52|17/09/2025 19:31|Dir.1|Empresa 2|Reg 3|1|0|0|0|SIM-LINHA-000907|Sim|159|Fora do prazo|SIM-LINHA-000907
18/09/2025 00:00|19/09/2025 16:58|19/09/2025 18:38|Dir.1|Empresa 2|Reg 3|0|1|0|0|SIM-LINHA-000909|Sim|100|Dentro do prazo|SIM-LINHA-000909
19/09/2025 00:00|20/09/2025 15:07|20/09/2025 15:47|Dir.1|Empresa 2|Reg 3|0|0|1|0|SIM-LINHA-000910|Sim|40|Dentro do prazo|SIM-LINHA-000910
17/09/2025 00:00|21/09/2025 16:18|21/09/2025 18:16|Dir.1|Empresa 2|Reg 3|1|1|1|1|SIM-LINHA-000911|Sim|118|Dentro do prazo|SIM-LINHA-000911
22/09/2025 00:00|22/09/2025 16:49|22/09/2025 17:32|Dir.1|Empresa 2|Reg 3|1|0|0|0|SIM-LINHA-000912|Sim|43|Dentro do prazo|SIM-LINHA-000912
22/09/2025 00:00|23/09/2025 16:08|23/09/2025 17:30|Dir.1|Empresa 2|Reg 3|0|0|1|0|SIM-LINHA-000913|Sim|82|Dentro do prazo|SIM-LINHA-000913
23/09/2025 00:00|24/09/2025 17:24|24/09/2025 19:18|Dir.1|Empresa 2|Reg 3|1|1|1|1|SIM-LINHA-000914|Sim|114|Dentro do prazo|SIM-LINHA-000914
25/09/2025 00:00|26/09/2025 14:35|26/09/2025 15:11|Dir.1|Empresa 2|Reg 3|1|0|1|0|SIM-LINHA-000916|Sim|36|Dentro do prazo|SIM-LINHA-000916
29/09/2025 00:00|30/09/2025 15:54|30/09/2025 18:50|Dir.1|Empresa 2|Reg 3|1|1|0|0|SIM-LINHA-000920|Sim|176|Fora do prazo|SIM-LINHA-000920
30/09/2025 00:00|01/10/2025 16:26|01/10/2025 17:51|Dir.1|Empresa 2|Reg 3|0|1|0|0|SIM-LINHA-000921|Sim|85|Dentro do prazo|SIM-LINHA-000921
02/07/2025 00:00|03/07/2025 15:17|03/07/2025 15:41|Dir.1|Empresa 1|Reg 2|0|1|0|0|SIM-LINHA-000923|Sim|24|Dentro do prazo|SIM-LINHA-000923
03/07/2025 00:00|04/07/2025 15:40|04/07/2025 18:11|Dir.1|Empresa 1|Reg 2|0|1|0|0|SIM-LINHA-000924|Sim|151|Fora do prazo|SIM-LINHA-000924
04/07/2025 00:00|05/07/2025 16:34|05/07/2025 18:03|Dir.1|Empresa 1|Reg 2|0|1|1|0|SIM-LINHA-000925|Sim|89|Dentro do prazo|SIM-LINHA-000925
05/07/2025 00:00|06/07/2025 15:07|06/07/2025 15:42|Dir.1|Empresa 1|Reg 2|1|0|0|0|SIM-LINHA-000926|Sim|35|Dentro do prazo|SIM-LINHA-000926
06/07/2025 00:00|07/07/2025 16:58|07/07/2025 19:35|Dir.1|Empresa 1|Reg 2|1|0|0|0|SIM-LINHA-000927|Sim|157|Fora do prazo|SIM-LINHA-000927
07/07/2025 00:00|08/07/2025 17:01|08/07/2025 18:29|Dir.1|Empresa 1|Reg 2|1|0|0|0|SIM-LINHA-000928|Sim|88|Dentro do prazo|SIM-LINHA-000928
08/07/2025 00:00|09/07/2025 14:47|09/07/2025 16:44|Dir.1|Empresa 1|Reg 2|1|0|0|0|SIM-LINHA-000929|Sim|117|Dentro do prazo|SIM-LINHA-000929
09/07/2025 00:00|10/07/2025 15:20|10/07/2025 16:14|Dir.1|Empresa 1|Reg 2|0|1|1|0|SIM-LINHA-000930|Sim|54|Dentro do prazo|SIM-LINHA-000930
10/07/2025 00:00|11/07/2025 15:06|11/07/2025 16:39|Dir.1|Empresa 1|Reg 2|1|0|0|0|SIM-LINHA-000931|Sim|93|Dentro do prazo|SIM-LINHA-000931
11/07/2025 00:00|12/07/2025 16:32|12/07/2025 17:19|Dir.1|Empresa 1|Reg 2|1|0|0|0|SIM-LINHA-000932|Sim|47|Dentro do prazo|SIM-LINHA-000932
12/07/2025 00:00|13/07/2025 15:50|13/07/2025 17:35|Dir.1|Empresa 1|Reg 2|1|0|1|0|SIM-LINHA-000933|Sim|105|Dentro do prazo|SIM-LINHA-000933
15/07/2025 00:00|16/07/2025 15:36|16/07/2025 17:16|Dir.1|Empresa 1|Reg 2|0|0|1|0|SIM-LINHA-000936|Sim|100|Dentro do prazo|SIM-LINHA-000936
16/07/2025 00:00|17/07/2025 16:45|17/07/2025 17:48|Dir.1|Empresa 1|Reg 2|1|1|1|1|SIM-LINHA-000937|Sim|63|Dentro do prazo|SIM-LINHA-000937
18/07/2025 00:00|19/07/2025 14:57|19/07/2025 15:52|Dir.1|Empresa 1|Reg 2|0|1|1|0|SIM-LINHA-000939|Sim|55|Dentro do prazo|SIM-LINHA-000939
21/07/2025 00:00|21/07/2025 15:38|21/07/2025 17:18|Dir.1|Empresa 1|Reg 2|1|1|1|1|SIM-LINHA-000941|Sim|100|Dentro do prazo|SIM-LINHA-000941
21/07/2025 00:00|22/07/2025 15:25|22/07/2025 16:05|Dir.1|Empresa 1|Reg 2|1|0|0|0|SIM-LINHA-000942|Sim|40|Dentro do prazo|SIM-LINHA-000942
22/07/2025 00:00|23/07/2025 16:11|23/07/2025 18:51|Dir.1|Empresa 1|Reg 2|0|1|1|0|SIM-LINHA-000943|Sim|160|Fora do prazo|SIM-LINHA-000943
14/07/2025 00:00|24/07/2025 17:11|24/07/2025 18:16|Dir.1|Empresa 1|Reg 2|1|1|1|1|SIM-LINHA-000944|Sim|65|Dentro do prazo|SIM-LINHA-000944
24/07/2025 00:00|25/07/2025 17:18|25/07/2025 17:54|Dir.1|Empresa 1|Reg 2|1|1|0|0|SIM-LINHA-000945|Sim|36|Dentro do prazo|SIM-LINHA-000945
15/07/2025 00:00|28/07/2025 14:38|28/07/2025 15:35|Dir.1|Empresa 1|Reg 2|1|1|1|1|SIM-LINHA-000948|Sim|57|Dentro do prazo|SIM-LINHA-000948
28/07/2025 00:00|29/07/2025 15:23|29/07/2025 17:15|Dir.1|Empresa 1|Reg 2|1|0|0|0|SIM-LINHA-000949|Sim|112|Dentro do prazo|SIM-LINHA-000949
31/07/2025 00:00|01/08/2025 16:53|01/08/2025 18:58|Dir.1|Empresa 1|Reg 2|1|1|0|0|SIM-LINHA-000952|Sim|125|Fora do prazo|SIM-LINHA-000952
03/08/2025 00:00|04/08/2025 14:56|04/08/2025 16:34|Dir.1|Empresa 1|Reg 2|1|0|0|0|SIM-LINHA-000955|Sim|98|Dentro do prazo|SIM-LINHA-000955
05/08/2025 00:00|06/08/2025 17:04|06/08/2025 19:06|Dir.1|Empresa 1|Reg 2|0|0|1|0|SIM-LINHA-000957|Sim|122|Fora do prazo|SIM-LINHA-000957
06/08/2025 00:00|07/08/2025 15:54|07/08/2025 17:14|Dir.1|Empresa 1|Reg 2|0|0|1|0|SIM-LINHA-000958|Sim|80|Dentro do prazo|SIM-LINHA-000958
07/08/2025 00:00|08/08/2025 16:57|08/08/2025 17:49|Dir.1|Empresa 1|Reg 2|1|1|0|0|SIM-LINHA-000959|Sim|52|Dentro do prazo|SIM-LINHA-000959
08/08/2025 00:00|09/08/2025 15:30|09/08/2025 17:03|Dir.1|Empresa 1|Reg 2|1|0|0|0|SIM-LINHA-000960|Sim|93|Dentro do prazo|SIM-LINHA-000960
10/08/2025 00:00|11/08/2025 16:39|11/08/2025 18:01|Dir.1|Empresa 1|Reg 2|0|0|1|0|SIM-LINHA-000962|Sim|82|Dentro do prazo|SIM-LINHA-000962
12/08/2025 00:00|13/08/2025 16:32|13/08/2025 18:00|Dir.1|Empresa 1|Reg 2|0|1|0|0|SIM-LINHA-000964|Sim|88|Dentro do prazo|SIM-LINHA-000964
13/08/2025 00:00|14/08/2025 15:37|14/08/2025 16:11|Dir.1|Empresa 1|Reg 2|1|0|0|0|SIM-LINHA-000965|Sim|34|Dentro do prazo|SIM-LINHA-000965
15/08/2025 00:00|16/08/2025 15:20|16/08/2025 15:42|Dir.1|Empresa 1|Reg 2|0|0|1|0|SIM-LINHA-000967|Sim|22|Dentro do prazo|SIM-LINHA-000967
16/08/2025 00:00|17/08/2025 17:09|17/08/2025 18:40|Dir.1|Empresa 1|Reg 2|0|1|1|0|SIM-LINHA-000968|Sim|91|Dentro do prazo|SIM-LINHA-000968
18/08/2025 00:00|19/08/2025 16:47|19/08/2025 17:31|Dir.1|Empresa 1|Reg 2|0|0|1|0|SIM-LINHA-000970|Sim|44|Dentro do prazo|SIM-LINHA-000970
21/08/2025 00:00|22/08/2025 14:35|22/08/2025 15:32|Dir.1|Empresa 1|Reg 2|0|1|1|0|SIM-LINHA-000973|Sim|57|Dentro do prazo|SIM-LINHA-000973
22/08/2025 00:00|23/08/2025 16:48|23/08/2025 18:24|Dir.1|Empresa 1|Reg 2|0|0|1|0|SIM-LINHA-000974|Sim|96|Dentro do prazo|SIM-LINHA-000974
23/08/2025 00:00|24/08/2025 15:00|24/08/2025 16:01|Dir.1|Empresa 1|Reg 2|0|0|1|0|SIM-LINHA-000975|Sim|61|Dentro do prazo|SIM-LINHA-000975
25/08/2025 00:00|26/08/2025 16:13|26/08/2025 19:09|Dir.1|Empresa 1|Reg 2|0|0|1|0|SIM-LINHA-000977|Sim|176|Fora do prazo|SIM-LINHA-000977
25/08/2025 00:00|31/08/2025 15:03|31/08/2025 15:29|Dir.1|Empresa 1|Reg 2|0|1|1|0|SIM-LINHA-000982|Sim|26|Dentro do prazo|SIM-LINHA-000982
02/09/2025 00:00|03/09/2025 14:46|03/09/2025 17:34|Dir.1|Empresa 1|Reg 2|1|0|1|0|SIM-LINHA-000985|Sim|168|Fora do prazo|SIM-LINHA-000985
04/09/2025 00:00|05/09/2025 16:37|05/09/2025 17:49|Dir.1|Empresa 1|Reg 2|1|0|0|0|SIM-LINHA-000987|Sim|72|Dentro do prazo|SIM-LINHA-000987
05/09/2025 00:00|06/09/2025 15:53|06/09/2025 17:21|Dir.1|Empresa 1|Reg 2|1|0|0|0|SIM-LINHA-000988|Sim|88|Dentro do prazo|SIM-LINHA-000988
07/09/2025 00:00|08/09/2025 16:55|08/09/2025 17:24|Dir.1|Empresa 1|Reg 2|0|0|1|0|SIM-LINHA-000990|Sim|29|Dentro do prazo|SIM-LINHA-000990
09/09/2025 00:00|10/09/2025 15:02|10/09/2025 15:23|Dir.1|Empresa 1|Reg 2|1|0|1|0|SIM-LINHA-000992|Sim|21|Dentro do prazo|SIM-LINHA-000992
10/09/2025 00:00|11/09/2025 14:32|11/09/2025 16:14|Dir.1|Empresa 1|Reg 2|1|1|0|0|SIM-LINHA-000993|Sim|102|Dentro do prazo|SIM-LINHA-000993
11/09/2025 00:00|12/09/2025 16:58|12/09/2025 19:44|Dir.1|Empresa 1|Reg 2|0|1|0|0|SIM-LINHA-000994|Sim|166|Fora do prazo|SIM-LINHA-000994
13/09/2025 00:00|14/09/2025 15:18|14/09/2025 16:17|Dir.1|Empresa 1|Reg 2|0|1|0|0|SIM-LINHA-000996|Sim|59|Dentro do prazo|SIM-LINHA-000996
15/09/2025 00:00|16/09/2025 15:02|16/09/2025 15:58|Dir.1|Empresa 1|Reg 2|0|1|0|0|SIM-LINHA-000998|Sim|56|Dentro do prazo|SIM-LINHA-000998
16/09/2025 00:00|17/09/2025 15:20|17/09/2025 17:28|Dir.1|Empresa 1|Reg 2|1|1|1|1|SIM-LINHA-000999|Sim|128|Fora do prazo|SIM-LINHA-000999
17/09/2025 00:00|18/09/2025 16:37|18/09/2025 19:35|Dir.1|Empresa 1|Reg 2|0|1|1|0|SIM-LINHA-001000|Sim|178|Fora do prazo|SIM-LINHA-001000
18/09/2025 00:00|19/09/2025 16:27|19/09/2025 17:09|Dir.1|Empresa 1|Reg 2|0|0|1|0|SIM-LINHA-001001|Sim|42|Dentro do prazo|SIM-LINHA-001001
20/09/2025 00:00|21/09/2025 17:23|21/09/2025 18:56|Dir.1|Empresa 1|Reg 2|1|0|0|0|SIM-LINHA-001003|Sim|93|Dentro do prazo|SIM-LINHA-001003
24/09/2025 00:00|25/09/2025 16:49|25/09/2025 17:16|Dir.1|Empresa 1|Reg 2|1|0|0|0|SIM-LINHA-001007|Sim|27|Dentro do prazo|SIM-LINHA-001007
27/09/2025 00:00|28/09/2025 16:25|28/09/2025 19:15|Dir.1|Empresa 1|Reg 2|0|1|1|0|SIM-LINHA-001010|Sim|170|Fora do prazo|SIM-LINHA-001010
29/09/2025 00:00|29/09/2025 15:01|29/09/2025 15:33|Dir.1|Empresa 1|Reg 2|1|0|0|0|SIM-LINHA-001011|Sim|32|Dentro do prazo|SIM-LINHA-001011
29/09/2025 00:00|30/09/2025 16:17|30/09/2025 18:26|Dir.1|Empresa 1|Reg 2|0|0|1|0|SIM-LINHA-001012|Sim|129|Fora do prazo|SIM-LINHA-001012
01/07/2025 00:00|02/07/2025 15:39|02/07/2025 17:32|Dir.1|Empresa 1|Reg 1|0|1|1|0|SIM-LINHA-001014|Sim|113|Dentro do prazo|SIM-LINHA-001014
03/07/2025 00:00|04/07/2025 14:52|04/07/2025 16:29|Dir.1|Empresa 1|Reg 1|0|0|1|0|SIM-LINHA-001016|Sim|97|Dentro do prazo|SIM-LINHA-001016
05/07/2025 00:00|06/07/2025 16:36|06/07/2025 17:38|Dir.1|Empresa 1|Reg 1|1|0|0|0|SIM-LINHA-001018|Sim|62|Dentro do prazo|SIM-LINHA-001018
07/07/2025 00:00|08/07/2025 16:24|08/07/2025 17:55|Dir.1|Empresa 1|Reg 1|1|0|1|0|SIM-LINHA-001020|Sim|91|Dentro do prazo|SIM-LINHA-001020
10/07/2025 00:00|11/07/2025 16:24|11/07/2025 17:28|Dir.1|Empresa 1|Reg 1|0|0|1|0|SIM-LINHA-001023|Sim|64|Dentro do prazo|SIM-LINHA-001023
14/07/2025 00:00|15/07/2025 16:41|15/07/2025 18:34|Dir.1|Empresa 1|Reg 1|1|0|0|0|SIM-LINHA-001027|Sim|113|Dentro do prazo|SIM-LINHA-001027
16/07/2025 00:00|17/07/2025 16:57|17/07/2025 17:55|Dir.1|Empresa 1|Reg 1|0|1|1|0|SIM-LINHA-001029|Sim|58|Dentro do prazo|SIM-LINHA-001029
17/07/2025 00:00|18/07/2025 14:33|18/07/2025 16:12|Dir.1|Empresa 1|Reg 1|0|0|1|0|SIM-LINHA-001030|Sim|99|Dentro do prazo|SIM-LINHA-001030
18/07/2025 00:00|19/07/2025 16:09|19/07/2025 18:21|Dir.1|Empresa 1|Reg 1|1|0|0|0|SIM-LINHA-001031|Sim|132|Fora do prazo|SIM-LINHA-001031
19/07/2025 00:00|20/07/2025 17:12|20/07/2025 18:08|Dir.1|Empresa 1|Reg 1|1|1|1|1|SIM-LINHA-001032|Sim|56|Dentro do prazo|SIM-LINHA-001032
21/07/2025 00:00|22/07/2025 15:12|22/07/2025 17:58|Dir.1|Empresa 1|Reg 1|0|0|1|0|SIM-LINHA-001034|Sim|166|Fora do prazo|SIM-LINHA-001034
23/07/2025 00:00|24/07/2025 16:15|24/07/2025 18:26|Dir.1|Empresa 1|Reg 1|0|0|1|0|SIM-LINHA-001036|Sim|131|Fora do prazo|SIM-LINHA-001036
07/07/2025 00:00|25/07/2025 14:49|25/07/2025 15:28|Dir.1|Empresa 1|Reg 1|1|1|1|1|SIM-LINHA-001037|Sim|39|Dentro do prazo|SIM-LINHA-001037
22/07/2025 00:00|27/07/2025 15:06|27/07/2025 15:35|Dir.1|Empresa 1|Reg 1|0|1|1|0|SIM-LINHA-001039|Sim|29|Dentro do prazo|SIM-LINHA-001039
28/07/2025 00:00|29/07/2025 16:41|29/07/2025 17:33|Dir.1|Empresa 1|Reg 1|1|0|0|0|SIM-LINHA-001041|Sim|52|Dentro do prazo|SIM-LINHA-001041
29/07/2025 00:00|30/07/2025 15:13|30/07/2025 16:27|Dir.1|Empresa 1|Reg 1|0|1|0|0|SIM-LINHA-001042|Sim|74|Dentro do prazo|SIM-LINHA-001042
30/07/2025 00:00|31/07/2025 16:26|31/07/2025 18:44|Dir.1|Empresa 1|Reg 1|0|0|1|0|SIM-LINHA-001043|Sim|138|Fora do prazo|SIM-LINHA-001043
02/08/2025 00:00|03/08/2025 17:08|03/08/2025 17:50|Dir.1|Empresa 1|Reg 1|0|1|0|0|SIM-LINHA-001046|Sim|42|Dentro do prazo|SIM-LINHA-001046
04/08/2025 00:00|05/08/2025 15:51|05/08/2025 16:55|Dir.1|Empresa 1|Reg 1|0|0|1|0|SIM-LINHA-001048|Sim|64|Dentro do prazo|SIM-LINHA-001048
05/08/2025 00:00|06/08/2025 14:49|06/08/2025 15:49|Dir.1|Empresa 1|Reg 1|1|0|1|0|SIM-LINHA-001049|Sim|60|Dentro do prazo|SIM-LINHA-001049
09/08/2025 00:00|10/08/2025 16:00|10/08/2025 17:44|Dir.1|Empresa 1|Reg 1|0|1|0|0|SIM-LINHA-001053|Sim|104|Dentro do prazo|SIM-LINHA-001053
11/08/2025 00:00|11/08/2025 14:49|11/08/2025 16:11|Dir.1|Empresa 1|Reg 1|1|1|0|0|SIM-LINHA-001054|Sim|82|Dentro do prazo|SIM-LINHA-001054
11/08/2025 00:00|12/08/2025 16:09|12/08/2025 18:08|Dir.1|Empresa 1|Reg 1|1|1|0|0|SIM-LINHA-001055|Sim|119|Dentro do prazo|SIM-LINHA-001055
12/08/2025 00:00|13/08/2025 16:31|13/08/2025 18:18|Dir.1|Empresa 1|Reg 1|1|1|1|1|SIM-LINHA-001056|Sim|107|Dentro do prazo|SIM-LINHA-001056
13/08/2025 00:00|14/08/2025 15:02|14/08/2025 15:26|Dir.1|Empresa 1|Reg 1|0|0|1|0|SIM-LINHA-001057|Sim|24|Dentro do prazo|SIM-LINHA-001057
14/08/2025 00:00|15/08/2025 16:47|15/08/2025 17:36|Dir.1|Empresa 1|Reg 1|0|1|1|0|SIM-LINHA-001058|Sim|49|Dentro do prazo|SIM-LINHA-001058
15/08/2025 00:00|16/08/2025 15:07|16/08/2025 16:28|Dir.1|Empresa 1|Reg 1|0|1|1|0|SIM-LINHA-001059|Sim|81|Dentro do prazo|SIM-LINHA-001059
16/08/2025 00:00|17/08/2025 14:57|17/08/2025 17:06|Dir.1|Empresa 1|Reg 1|0|1|0|0|SIM-LINHA-001060|Sim|129|Fora do prazo|SIM-LINHA-001060
08/08/2025 00:00|18/08/2025 15:25|18/08/2025 15:49|Dir.1|Empresa 1|Reg 1|0|1|1|0|SIM-LINHA-001061|Sim|24|Dentro do prazo|SIM-LINHA-001061
18/08/2025 00:00|19/08/2025 16:52|19/08/2025 18:01|Dir.1|Empresa 1|Reg 1|1|1|0|0|SIM-LINHA-001062|Sim|69|Dentro do prazo|SIM-LINHA-001062
19/08/2025 00:00|20/08/2025 15:09|20/08/2025 17:16|Dir.1|Empresa 1|Reg 1|0|0|1|0|SIM-LINHA-001063|Sim|127|Fora do prazo|SIM-LINHA-001063
20/08/2025 00:00|21/08/2025 14:33|21/08/2025 16:58|Dir.1|Empresa 1|Reg 1|0|1|1|0|SIM-LINHA-001064|Sim|145|Fora do prazo|SIM-LINHA-001064
21/08/2025 00:00|22/08/2025 16:19|22/08/2025 19:13|Dir.1|Empresa 1|Reg 1|1|1|0|0|SIM-LINHA-001065|Sim|174|Fora do prazo|SIM-LINHA-001065
22/08/2025 00:00|23/08/2025 17:15|23/08/2025 18:18|Dir.1|Empresa 1|Reg 1|0|0|1|0|SIM-LINHA-001066|Sim|63|Dentro do prazo|SIM-LINHA-001066
23/08/2025 00:00|24/08/2025 16:35|24/08/2025 17:55|Dir.1|Empresa 1|Reg 1|1|0|0|0|SIM-LINHA-001067|Sim|80|Dentro do prazo|SIM-LINHA-001067
25/08/2025 00:00|26/08/2025 15:39|26/08/2025 18:16|Dir.1|Empresa 1|Reg 1|1|0|0|0|SIM-LINHA-001069|Sim|157|Fora do prazo|SIM-LINHA-001069
27/08/2025 00:00|28/08/2025 16:52|28/08/2025 17:30|Dir.1|Empresa 1|Reg 1|0|0|1|0|SIM-LINHA-001071|Sim|38|Dentro do prazo|SIM-LINHA-001071
28/08/2025 00:00|29/08/2025 14:31|29/08/2025 16:12|Dir.1|Empresa 1|Reg 1|1|0|0|0|SIM-LINHA-001072|Sim|101|Dentro do prazo|SIM-LINHA-001072
29/08/2025 00:00|30/08/2025 17:13|30/08/2025 17:51|Dir.1|Empresa 1|Reg 1|1|1|0|0|SIM-LINHA-001073|Sim|38|Dentro do prazo|SIM-LINHA-001073
30/08/2025 00:00|31/08/2025 15:44|31/08/2025 18:09|Dir.1|Empresa 1|Reg 1|0|1|1|0|SIM-LINHA-001074|Sim|145|Fora do prazo|SIM-LINHA-001074
02/09/2025 00:00|03/09/2025 14:50|03/09/2025 16:36|Dir.1|Empresa 1|Reg 1|0|0|1|0|SIM-LINHA-001077|Sim|106|Dentro do prazo|SIM-LINHA-001077
04/09/2025 00:00|05/09/2025 17:10|05/09/2025 19:09|Dir.1|Empresa 1|Reg 1|0|0|1|0|SIM-LINHA-001079|Sim|119|Dentro do prazo|SIM-LINHA-001079
05/09/2025 00:00|06/09/2025 15:56|06/09/2025 17:20|Dir.1|Empresa 1|Reg 1|0|1|0|0|SIM-LINHA-001080|Sim|84|Dentro do prazo|SIM-LINHA-001080
01/09/2025 00:00|07/09/2025 17:20|07/09/2025 18:01|Dir.1|Empresa 1|Reg 1|1|1|1|1|SIM-LINHA-001081|Sim|41|Dentro do prazo|SIM-LINHA-001081
08/09/2025 00:00|09/09/2025 14:28|09/09/2025 15:11|Dir.1|Empresa 1|Reg 1|0|1|1|0|SIM-LINHA-001083|Sim|43|Dentro do prazo|SIM-LINHA-001083
09/09/2025 00:00|10/09/2025 17:05|10/09/2025 18:44|Dir.1|Empresa 1|Reg 1|0|0|1|0|SIM-LINHA-001084|Sim|99|Dentro do prazo|SIM-LINHA-001084
10/09/2025 00:00|11/09/2025 14:36|11/09/2025 16:01|Dir.1|Empresa 1|Reg 1|1|1|1|1|SIM-LINHA-001085|Sim|85|Dentro do prazo|SIM-LINHA-001085
12/09/2025 00:00|13/09/2025 14:54|13/09/2025 15:30|Dir.1|Empresa 1|Reg 1|0|1|0|0|SIM-LINHA-001087|Sim|36|Dentro do prazo|SIM-LINHA-001087
13/09/2025 00:00|14/09/2025 15:04|14/09/2025 16:16|Dir.1|Empresa 1|Reg 1|1|1|0|0|SIM-LINHA-001088|Sim|72|Dentro do prazo|SIM-LINHA-001088
15/09/2025 00:00|16/09/2025 17:08|16/09/2025 18:14|Dir.1|Empresa 1|Reg 1|1|1|0|0|SIM-LINHA-001090|Sim|66|Dentro do prazo|SIM-LINHA-001090
16/09/2025 00:00|17/09/2025 16:12|17/09/2025 17:41|Dir.1|Empresa 1|Reg 1|0|0|1|0|SIM-LINHA-001091|Sim|89|Dentro do prazo|SIM-LINHA-001091
17/09/2025 00:00|18/09/2025 16:34|18/09/2025 17:34|Dir.1|Empresa 1|Reg 1|0|1|0|0|SIM-LINHA-001092|Sim|60|Dentro do prazo|SIM-LINHA-001092
18/09/2025 00:00|19/09/2025 14:48|19/09/2025 15:39|Dir.1|Empresa 1|Reg 1|1|1|0|0|SIM-LINHA-001093|Sim|51|Dentro do prazo|SIM-LINHA-001093
19/09/2025 00:00|20/09/2025 15:39|20/09/2025 18:21|Dir.1|Empresa 1|Reg 1|1|0|0|0|SIM-LINHA-001094|Sim|162|Fora do prazo|SIM-LINHA-001094
20/09/2025 00:00|21/09/2025 15:47|21/09/2025 16:39|Dir.1|Empresa 1|Reg 1|0|0|1|0|SIM-LINHA-001095|Sim|52|Dentro do prazo|SIM-LINHA-001095
21/09/2025 00:00|22/09/2025 14:27|22/09/2025 16:21|Dir.1|Empresa 1|Reg 1|0|0|1|0|SIM-LINHA-001096|Sim|114|Dentro do prazo|SIM-LINHA-001096
22/09/2025 00:00|23/09/2025 17:06|23/09/2025 18:25|Dir.1|Empresa 1|Reg 1|1|0|0|0|SIM-LINHA-001097|Sim|79|Dentro do prazo|SIM-LINHA-001097
24/09/2025 00:00|25/09/2025 17:14|25/09/2025 20:06|Dir.1|Empresa 1|Reg 1|0|0|1|0|SIM-LINHA-001099|Sim|172|Fora do prazo|SIM-LINHA-001099
25/09/2025 00:00|26/09/2025 16:39|26/09/2025 19:29|Dir.1|Empresa 1|Reg 1|0|1|0|0|SIM-LINHA-001100|Sim|170|Fora do prazo|SIM-LINHA-001100
26/09/2025 00:00|27/09/2025 16:34|27/09/2025 17:00|Dir.1|Empresa 1|Reg 1|0|0|1|0|SIM-LINHA-001101|Sim|26|Dentro do prazo|SIM-LINHA-001101
27/09/2025 00:00|28/09/2025 15:53|28/09/2025 17:06|Dir.1|Empresa 1|Reg 1|0|1|1|0|SIM-LINHA-001102|Sim|73|Dentro do prazo|SIM-LINHA-001102
24/09/2025 00:00|29/09/2025 15:22|29/09/2025 16:11|Dir.1|Empresa 1|Reg 1|1|0|0|0|SIM-LINHA-001103|Sim|49|Dentro do prazo|SIM-LINHA-001103
29/09/2025 00:00|30/09/2025 17:02|30/09/2025 17:53|Dir.1|Empresa 1|Reg 1|0|1|1|0|SIM-LINHA-001104|Sim|51|Dentro do prazo|SIM-LINHA-001104
01/10/2025 00:00|02/10/2025 10:48|02/10/2025 12:41|Dir.2|Empresa 3|Reg 9|1|1|1|1|SIM-LINHA-001107|Sim|113|Dentro do prazo|SIM-LINHA-001107
01/10/2025 00:00|02/10/2025 15:42|02/10/2025 16:45|Dir.1|Empresa 1|Reg 2|0|0|1|0|SIM-LINHA-001108|Sim|63|Dentro do prazo|SIM-LINHA-001108
01/10/2025 00:00|02/10/2025 09:05|02/10/2025 09:56|Dir.1|Empresa 2|Reg 5|1|0|1|0|SIM-LINHA-001109|Sim|51|Dentro do prazo|SIM-LINHA-001109
01/10/2025 00:00|02/10/2025 17:34|02/10/2025 18:20|Dir.2|Empresa 3|Reg 10|0|1|1|0|SIM-LINHA-001110|Sim|46|Dentro do prazo|SIM-LINHA-001110
01/10/2025 00:00|02/10/2025 09:25|02/10/2025 11:24|Dir.2|Empresa 3|Reg 10|0|0|1|0|SIM-LINHA-001111|Sim|119|Dentro do prazo|SIM-LINHA-001111
01/10/2025 00:00|02/10/2025 08:55|02/10/2025 09:23|Dir.1|Empresa 2|Reg 6|0|0|1|0|SIM-LINHA-001112|Sim|28|Dentro do prazo|SIM-LINHA-001112
01/10/2025 00:00|02/10/2025 15:41|02/10/2025 16:28|Dir.2|Empresa 3|Reg 11|1|1|0|0|SIM-LINHA-001113|Sim|47|Dentro do prazo|SIM-LINHA-001113
01/10/2025 00:00|02/10/2025 11:43|02/10/2025 13:00|Dir.1|Empresa 3|Reg 4|0|0|1|0|SIM-LINHA-001114|Sim|77|Dentro do prazo|SIM-LINHA-001114
01/10/2025 00:00|02/10/2025 15:21|02/10/2025 16:49|Dir.2|Empresa 3|Reg 11|0|0|1|0|SIM-LINHA-001115|Sim|88|Dentro do prazo|SIM-LINHA-001115
02/10/2025 00:00|03/10/2025 14:35|03/10/2025 15:08|Dir.2|Empresa 3|Reg 10|0|0|1|0|SIM-LINHA-001119|Sim|33|Dentro do prazo|SIM-LINHA-001119
02/10/2025 00:00|03/10/2025 13:46|03/10/2025 16:40|Dir.2|Empresa 3|Reg 10|0|0|1|0|SIM-LINHA-001120|Sim|174|Fora do prazo|SIM-LINHA-001120
02/10/2025 00:00|03/10/2025 13:06|03/10/2025 15:07|Dir.1|Empresa 1|Reg 1|0|0|1|0|SIM-LINHA-001121|Sim|121|Fora do prazo|SIM-LINHA-001121
02/10/2025 00:00|03/10/2025 15:31|03/10/2025 18:16|Dir.1|Empresa 1|Reg 1|0|0|1|0|SIM-LINHA-001122|Sim|165|Fora do prazo|SIM-LINHA-001122
02/10/2025 00:00|03/10/2025 10:26|03/10/2025 11:07|Dir.1|Empresa 2|Reg 3|0|1|1|0|SIM-LINHA-001123|Sim|41|Dentro do prazo|SIM-LINHA-001123
02/10/2025 00:00|03/10/2025 12:22|03/10/2025 13:46|Dir.2|Empresa 3|Reg 11|1|1|0|0|SIM-LINHA-001124|Sim|84|Dentro do prazo|SIM-LINHA-001124
02/10/2025 00:00|03/10/2025 08:25|03/10/2025 10:00|Dir.2|Empresa 2|Reg 8|1|1|0|0|SIM-LINHA-001125|Sim|95|Dentro do prazo|SIM-LINHA-001125
02/10/2025 00:00|03/10/2025 16:20|03/10/2025 18:27|Dir.1|Empresa 1|Reg 1|0|1|0|0|SIM-LINHA-001126|Sim|127|Fora do prazo|SIM-LINHA-001126
02/10/2025 00:00|03/10/2025 09:28|03/10/2025 12:28|Dir.1|Empresa 2|Reg 5|1|1|0|0|SIM-LINHA-001127|Sim|180|Fora do prazo|SIM-LINHA-001127
03/10/2025 00:00|04/10/2025 08:04|04/10/2025 10:35|Dir.1|Empresa 1|Reg 2|0|0|1|0|SIM-LINHA-001131|Sim|151|Fora do prazo|SIM-LINHA-001131
01/10/2025 00:00|04/10/2025 10:53|04/10/2025 12:25|Dir.1|Empresa 2|Reg 5|1|0|1|0|SIM-LINHA-001132|Sim|92|Dentro do prazo|SIM-LINHA-001132
03/10/2025 00:00|04/10/2025 10:55|04/10/2025 11:19|Dir.2|Empresa 3|Reg 10|1|0|1|0|SIM-LINHA-001133|Sim|24|Dentro do prazo|SIM-LINHA-001133
03/10/2025 00:00|04/10/2025 09:34|04/10/2025 12:28|Dir.1|Empresa 3|Reg 4|0|1|1|0|SIM-LINHA-001134|Sim|174|Fora do prazo|SIM-LINHA-001134
03/10/2025 00:00|04/10/2025 13:03|04/10/2025 13:49|Dir.2|Empresa 2|Reg 8|1|0|0|0|SIM-LINHA-001135|Sim|46|Dentro do prazo|SIM-LINHA-001135
03/10/2025 00:00|04/10/2025 10:29|04/10/2025 11:28|Dir.1|Empresa 2|Reg 6|0|0|1|0|SIM-LINHA-001136|Sim|59|Dentro do prazo|SIM-LINHA-001136
03/10/2025 00:00|04/10/2025 13:06|04/10/2025 14:45|Dir.2|Empresa 2|Reg 7|0|0|1|0|SIM-LINHA-001137|Sim|99|Dentro do prazo|SIM-LINHA-001137
03/10/2025 00:00|04/10/2025 09:44|04/10/2025 11:13|Dir.1|Empresa 3|Reg 4|0|0|1|0|SIM-LINHA-001138|Sim|89|Dentro do prazo|SIM-LINHA-001138
03/10/2025 00:00|04/10/2025 14:53|04/10/2025 16:24|Dir.1|Empresa 3|Reg 4|0|0|1|0|SIM-LINHA-001139|Sim|91|Dentro do prazo|SIM-LINHA-001139
05/10/2025 00:00|05/10/2025 17:31|05/10/2025 18:07|Dir.2|Empresa 3|Reg 11|0|1|0|0|SIM-LINHA-001143|Sim|36|Dentro do prazo|SIM-LINHA-001143
03/10/2025 00:00|05/10/2025 13:17|05/10/2025 15:02|Dir.1|Empresa 1|Reg 2|1|0|0|0|SIM-LINHA-001144|Sim|105|Dentro do prazo|SIM-LINHA-001144
02/10/2025 00:00|05/10/2025 14:33|05/10/2025 14:59|Dir.2|Empresa 2|Reg 7|1|0|1|0|SIM-LINHA-001145|Sim|26|Dentro do prazo|SIM-LINHA-001145
04/10/2025 00:00|05/10/2025 12:47|05/10/2025 14:22|Dir.2|Empresa 3|Reg 9|0|0|1|0|SIM-LINHA-001146|Sim|95|Dentro do prazo|SIM-LINHA-001146
04/10/2025 00:00|05/10/2025 16:50|05/10/2025 18:32|Dir.1|Empresa 1|Reg 2|0|1|0|0|SIM-LINHA-001147|Sim|102|Dentro do prazo|SIM-LINHA-001147
04/10/2025 00:00|05/10/2025 11:54|05/10/2025 12:56|Dir.2|Empresa 2|Reg 8|0|1|0|0|SIM-LINHA-001148|Sim|62|Dentro do prazo|SIM-LINHA-001148
01/10/2025 00:00|05/10/2025 16:53|05/10/2025 18:29|Dir.1|Empresa 1|Reg 1|1|0|1|0|SIM-LINHA-001149|Sim|96|Dentro do prazo|SIM-LINHA-001149
04/10/2025 00:00|05/10/2025 15:27|05/10/2025 16:34|Dir.2|Empresa 3|Reg 11|1|0|1|0|SIM-LINHA-001150|Sim|67|Dentro do prazo|SIM-LINHA-001150
04/10/2025 00:00|05/10/2025 14:42|05/10/2025 16:06|Dir.2|Empresa 3|Reg 10|0|1|1|0|SIM-LINHA-001151|Sim|84|Dentro do prazo|SIM-LINHA-001151
06/10/2025 00:00|06/10/2025 13:00|06/10/2025 14:54|Dir.2|Empresa 3|Reg 11|0|0|1|0|SIM-LINHA-001155|Sim|114|Dentro do prazo|SIM-LINHA-001155
06/10/2025 00:00|06/10/2025 16:10|06/10/2025 17:53|Dir.1|Empresa 1|Reg 1|0|0|1|0|SIM-LINHA-001156|Sim|103|Dentro do prazo|SIM-LINHA-001156
06/10/2025 00:00|06/10/2025 17:47|06/10/2025 19:27|Dir.1|Empresa 3|Reg 4|1|1|1|1|SIM-LINHA-001157|Sim|100|Dentro do prazo|SIM-LINHA-001157
06/10/2025 00:00|06/10/2025 10:00|06/10/2025 10:21|Dir.2|Empresa 3|Reg 10|0|0|1|0|SIM-LINHA-001158|Sim|21|Dentro do prazo|SIM-LINHA-001158
06/10/2025 00:00|06/10/2025 11:39|06/10/2025 12:12|Dir.1|Empresa 2|Reg 3|0|1|0|0|SIM-LINHA-001159|Sim|33|Dentro do prazo|SIM-LINHA-001159
06/10/2025 00:00|06/10/2025 15:30|06/10/2025 17:14|Dir.1|Empresa 1|Reg 2|1|0|0|0|SIM-LINHA-001160|Sim|104|Dentro do prazo|SIM-LINHA-001160
06/10/2025 00:00|06/10/2025 09:40|06/10/2025 10:15|Dir.2|Empresa 3|Reg 10|0|1|0|0|SIM-LINHA-001161|Sim|35|Dentro do prazo|SIM-LINHA-001161
06/10/2025 00:00|06/10/2025 14:06|06/10/2025 15:23|Dir.1|Empresa 1|Reg 1|0|0|1|0|SIM-LINHA-001162|Sim|77|Dentro do prazo|SIM-LINHA-001162
05/10/2025 00:00|06/10/2025 11:42|06/10/2025 12:08|Dir.1|Empresa 2|Reg 6|0|1|0|0|SIM-LINHA-001163|Sim|26|Dentro do prazo|SIM-LINHA-001163
06/10/2025 00:00|07/10/2025 09:42|07/10/2025 12:22|Dir.1|Empresa 2|Reg 5|1|0|1|0|SIM-LINHA-001167|Sim|160|Fora do prazo|SIM-LINHA-001167
07/10/2025 00:00|07/10/2025 16:48|07/10/2025 17:40|Dir.1|Empresa 1|Reg 2|0|1|0|0|SIM-LINHA-001168|Sim|52|Dentro do prazo|SIM-LINHA-001168
06/10/2025 00:00|07/10/2025 12:22|07/10/2025 13:49|Dir.1|Empresa 2|Reg 3|0|1|1|0|SIM-LINHA-001169|Sim|87|Dentro do prazo|SIM-LINHA-001169
07/10/2025 00:00|07/10/2025 16:45|07/10/2025 19:40|Dir.2|Empresa 2|Reg 7|0|1|0|0|SIM-LINHA-001170|Sim|175|Fora do prazo|SIM-LINHA-001170
07/10/2025 00:00|07/10/2025 17:40|07/10/2025 18:30|Dir.1|Empresa 2|Reg 5|1|0|0|0|SIM-LINHA-001171|Sim|50|Dentro do prazo|SIM-LINHA-001171
07/10/2025 00:00|07/10/2025 11:18|07/10/2025 13:11|Dir.2|Empresa 3|Reg 9|1|1|1|1|SIM-LINHA-001172|Sim|113|Dentro do prazo|SIM-LINHA-001172
06/10/2025 00:00|07/10/2025 12:52|07/10/2025 14:09|Dir.1|Empresa 1|Reg 2|1|0|1|0|SIM-LINHA-001173|Sim|77|Dentro do prazo|SIM-LINHA-001173
06/10/2025 00:00|07/10/2025 08:39|07/10/2025 09:30|Dir.1|Empresa 3|Reg 4|1|0|1|0|SIM-LINHA-001174|Sim|51|Dentro do prazo|SIM-LINHA-001174
07/10/2025 00:00|07/10/2025 17:39|07/10/2025 19:20|Dir.2|Empresa 3|Reg 11|0|0|1|0|SIM-LINHA-001175|Sim|101|Dentro do prazo|SIM-LINHA-001175
08/10/2025 00:00|08/10/2025 17:56|08/10/2025 19:28|Dir.1|Empresa 1|Reg 2|0|1|1|0|SIM-LINHA-001179|Sim|92|Dentro do prazo|SIM-LINHA-001179
07/10/2025 00:00|08/10/2025 08:34|08/10/2025 09:59|Dir.1|Empresa 2|Reg 6|1|1|0|0|SIM-LINHA-001180|Sim|85|Dentro do prazo|SIM-LINHA-001180
08/10/2025 00:00|08/10/2025 12:14|08/10/2025 13:52|Dir.1|Empresa 1|Reg 2|0|0|1|0|SIM-LINHA-001181|Sim|98|Dentro do prazo|SIM-LINHA-001181
08/10/2025 00:00|08/10/2025 09:09|08/10/2025 09:55|Dir.1|Empresa 1|Reg 1|0|0|1|0|SIM-LINHA-001182|Sim|46|Dentro do prazo|SIM-LINHA-001182
07/10/2025 00:00|08/10/2025 08:08|08/10/2025 08:39|Dir.2|Empresa 3|Reg 10|1|1|0|0|SIM-LINHA-001184|Sim|31|Dentro do prazo|SIM-LINHA-001184
07/10/2025 00:00|08/10/2025 15:13|08/10/2025 15:58|Dir.1|Empresa 2|Reg 6|1|1|1|1|SIM-LINHA-001185|Sim|45|Dentro do prazo|SIM-LINHA-001185
08/10/2025 00:00|08/10/2025 11:30|08/10/2025 13:27|Dir.2|Empresa 3|Reg 11|0|1|0|0|SIM-LINHA-001186|Sim|117|Dentro do prazo|SIM-LINHA-001186
07/10/2025 00:00|08/10/2025 08:40|08/10/2025 09:14|Dir.1|Empresa 1|Reg 2|0|1|1|0|SIM-LINHA-001187|Sim|34|Dentro do prazo|SIM-LINHA-001187
08/10/2025 00:00|09/10/2025 13:47|09/10/2025 15:44|Dir.1|Empresa 2|Reg 6|0|0|1|0|SIM-LINHA-001191|Sim|117|Dentro do prazo|SIM-LINHA-001191
09/10/2025 00:00|09/10/2025 17:28|09/10/2025 19:30|Dir.2|Empresa 3|Reg 11|0|1|1|0|SIM-LINHA-001192|Sim|122|Fora do prazo|SIM-LINHA-001192
08/10/2025 00:00|09/10/2025 17:53|09/10/2025 19:02|Dir.2|Empresa 3|Reg 10|1|1|0|0|SIM-LINHA-001193|Sim|69|Dentro do prazo|SIM-LINHA-001193
08/10/2025 00:00|09/10/2025 10:26|09/10/2025 12:20|Dir.1|Empresa 1|Reg 1|0|0|1|0|SIM-LINHA-001194|Sim|114|Dentro do prazo|SIM-LINHA-001194
06/10/2025 00:00|09/10/2025 13:45|09/10/2025 15:02|Dir.1|Empresa 2|Reg 5|1|1|1|1|SIM-LINHA-001195|Sim|77|Dentro do prazo|SIM-LINHA-001195
08/10/2025 00:00|09/10/2025 12:28|09/10/2025 13:02|Dir.1|Empresa 2|Reg 6|0|1|1|0|SIM-LINHA-001196|Sim|34|Dentro do prazo|SIM-LINHA-001196
08/10/2025 00:00|09/10/2025 09:31|09/10/2025 11:30|Dir.2|Empresa 3|Reg 9|1|0|0|0|SIM-LINHA-001197|Sim|119|Dentro do prazo|SIM-LINHA-001197
08/10/2025 00:00|09/10/2025 17:35|09/10/2025 20:05|Dir.1|Empresa 1|Reg 2|0|1|1|0|SIM-LINHA-001198|Sim|150|Fora do prazo|SIM-LINHA-001198
09/10/2025 00:00|10/10/2025 10:44|10/10/2025 12:43|Dir.1|Empresa 2|Reg 5|1|0|1|0|SIM-LINHA-001203|Sim|119|Dentro do prazo|SIM-LINHA-001203
09/10/2025 00:00|10/10/2025 09:27|10/10/2025 11:00|Dir.2|Empresa 3|Reg 10|0|0|1|0|SIM-LINHA-001205|Sim|93|Dentro do prazo|SIM-LINHA-001205
09/10/2025 00:00|10/10/2025 16:31|10/10/2025 17:12|Dir.2|Empresa 2|Reg 8|0|1|1|0|SIM-LINHA-001206|Sim|41|Dentro do prazo|SIM-LINHA-001206
09/10/2025 00:00|10/10/2025 10:13|10/10/2025 13:13|Dir.1|Empresa 2|Reg 6|1|1|0|0|SIM-LINHA-001207|Sim|180|Fora do prazo|SIM-LINHA-001207
09/10/2025 00:00|10/10/2025 11:16|10/10/2025 11:43|Dir.1|Empresa 2|Reg 3|0|0|1|0|SIM-LINHA-001208|Sim|27|Dentro do prazo|SIM-LINHA-001208
09/10/2025 00:00|10/10/2025 15:29|10/10/2025 15:56|Dir.2|Empresa 3|Reg 9|1|1|1|1|SIM-LINHA-001209|Sim|27|Dentro do prazo|SIM-LINHA-001209
09/10/2025 00:00|10/10/2025 15:31|10/10/2025 17:19|Dir.2|Empresa 3|Reg 10|0|0|1|0|SIM-LINHA-001211|Sim|108|Dentro do prazo|SIM-LINHA-001211
