Data_Ref|Data_Agendada|Data_Encerramento|Diretoria|Empresa|Regiao|Prod 1|Prod 2|Prod 3|Combo|ID_Pedido
01/07/2025 00:00|02/07/2025 16:20|02/07/2025 17:53|Dir.2|Empresa 3|Reg 11|0|0|0|0|SIM-LINHA-000002
02/07/2025 00:00|03/07/2025 17:03|03/07/2025 19:00|Dir.2|Empresa 3|Reg 11|0|0|1|0|SIM-LINHA-000003
03/07/2025 00:00|04/07/2025 17:06|04/07/2025 18:32|Dir.2|Empresa 3|Reg 11|0|1|1|0|SIM-LINHA-000004
04/07/2025 00:00|05/07/2025 15:31|05/07/2025 15:57|Dir.2|Empresa 3|Reg 11|0|1|0|0|SIM-LINHA-000005
01/07/2025 00:00|06/07/2025 15:11|06/07/2025 15:48|Dir.2|Empresa 3|Reg 11|0|1|1|0|SIM-LINHA-000006
02/07/2025 00:00|07/07/2025 16:44|07/07/2025 17:33|Dir.2|Empresa 3|Reg 11|1|0|1|0|SIM-LINHA-000007
07/07/2025 00:00|08/07/2025 15:57|08/07/2025 16:19|Dir.2|Empresa 3|Reg 11|0|1|1|0|SIM-LINHA-000008
09/07/2025 00:00|09/07/2025 14:40|09/07/2025 15:15|Dir.2|Empresa 3|Reg 11|0|0|1|0|SIM-LINHA-000009
09/07/2025 00:00|10/07/2025 15:41|10/07/2025 17:18|Dir.2|Empresa 3|Reg 11|0|0|1|0|SIM-LINHA-000010
08/07/2025 00:00|11/07/2025 15:08|11/07/2025 15:35|Dir.2|Empresa 3|Reg 11|1|1|0|0|SIM-LINHA-000011
11/07/2025 00:00|12/07/2025 15:43|12/07/2025 16:54|Dir.2|Empresa 3|Reg 11|0|0|0|0|SIM-LINHA-000012
13/07/2025 00:00|13/07/2025 16:24|13/07/2025 16:43|Dir.2|Empresa 3|Reg 11|0|1|0|0|SIM-LINHA-000013
08/07/2025 00:00|14/07/2025 16:21|14/07/2025 16:55|Dir.2|Empresa 3|Reg 11|0|0|1|0|SIM-LINHA-000014
08/07/2025 00:00|15/07/2025 16:38|15/07/2025 17:27|Dir.2|Empresa 3|Reg 11|1|0|0|0|SIM-LINHA-000015
15/07/2025 00:00|16/07/2025 16:02|16/07/2025 16:38|Dir.2|Empresa 3|Reg 11|1|0|0|0|SIM-LINHA-000016
16/07/2025 00:00|17/07/2025 14:29|17/07/2025 15:15|Dir.2|Empresa 3|Reg 11|0|0|1|0|SIM-LINHA-000017
15/07/2025 00:00|18/07/2025 16:11|18/07/2025 18:03|Dir.2|Empresa 3|Reg 11|0|1|1|0|SIM-LINHA-000018
18/07/2025 00:00|19/07/2025 17:21|19/07/2025 18:28|Dir.2|Empresa 3|Reg 11|0|0|0|0|SIM-LINHA-000019
18/07/2025 00:00|20/07/2025 15:19|20/07/2025 17:15|Dir.2|Empresa 3|Reg 11|0|1|0|0|SIM-LINHA-000020
20/07/2025 00:00|21/07/2025 16:40|21/07/2025 17:21|Dir.2|Empresa 3|Reg 11|0|0|0|0|SIM-LINHA-000021
21/07/2025 00:00|22/07/2025 14:47|22/07/2025 15:29|Dir.2|Empresa 3|Reg 11|1|0|0|0|SIM-LINHA-000022
22/07/2025 00:00|23/07/2025 15:43|23/07/2025 15:44|Dir.2|Empresa 3|Reg 11|0|0|1|0|SIM-LINHA-000023
23/07/2025 00:00|24/07/2025 16:42|24/07/2025 18:05|Dir.2|Empresa 3|Reg 11|0|1|1|0|SIM-LINHA-000024
24/07/2025 00:00|25/07/2025 17:10|25/07/2025 17:29|Dir.2|Empresa 3|Reg 11|0|0|1|0|SIM-LINHA-000025
14/07/2025 00:00|26/07/2025 14:28|26/07/2025 14:44|Dir.2|Empresa 3|Reg 11|0|1|1|0|SIM-LINHA-000026
22/07/2025 00:00|27/07/2025 15:29|27/07/2025 15:48|Dir.2|Empresa 3|Reg 11|1|0|0|0|SIM-LINHA-000027
27/07/2025 00:00|28/07/2025 15:52|28/07/2025 17:14|Dir.2|Empresa 3|Reg 11|0|0|0|0|SIM-LINHA-000028
28/07/2025 00:00|29/07/2025 15:28|29/07/2025 17:17|Dir.2|Empresa 3|Reg 11|1|0|1|0|SIM-LINHA-000029
29/07/2025 00:00|30/07/2025 17:24|30/07/2025 19:10|Dir.2|Empresa 3|Reg 11|1|0|1|0|SIM-LINHA-000030
30/07/2025 00:00|31/07/2025 14:42|31/07/2025 15:17|Dir.2|Empresa 3|Reg 11|0|1|0|0|SIM-LINHA-000031
31/07/2025 00:00|01/08/2025 15:25|01/08/2025 15:52|Dir.2|Empresa 3|Reg 11|0|0|1|0|SIM-LINHA-000032
01/08/2025 00:00|02/08/2025 14:47|02/08/2025 15:34|Dir.2|Empresa 3|Reg 11|0|1|1|0|SIM-LINHA-000033
03/08/2025 00:00|03/08/2025 14:46|03/08/2025 15:26|Dir.2|Empresa 3|Reg 11|1|1|0|0|SIM-LINHA-000034
04/08/2025 00:00|04/08/2025 16:20|04/08/2025 16:50|Dir.2|Empresa 3|Reg 11|0|1|0|0|SIM-LINHA-000035
04/08/2025 00:00|05/08/2025 16:17|05/08/2025 17:52|Dir.2|Empresa 3|Reg 11|1|0|1|0|SIM-LINHA-000036
05/08/2025 00:00|06/08/2025 17:09|06/08/2025 18:48|Dir.2|Empresa 3|Reg 11|0|1|1|0|SIM-LINHA-000037
06/08/2025 00:00|07/08/2025 16:14|07/08/2025 16:30|Dir.2|Empresa 3|Reg 11|0|0|1|0|SIM-LINHA-000038
06/08/2025 00:00|08/08/2025 15:02|08/08/2025 16:27|Dir.2|Empresa 3|Reg 11|0|0|1|0|SIM-LINHA-000039
08/08/2025 00:00|09/08/2025 15:29|09/08/2025 16:03|Dir.2|Empresa 3|Reg 11|0|0|0|0|SIM-LINHA-000040
09/08/2025 00:00|10/08/2025 17:18|10/08/2025 17:50|Dir.2|Empresa 3|Reg 11|0|0|0|0|SIM-LINHA-000041
11/08/2025 00:00|11/08/2025 15:43|11/08/2025 16:00|Dir.2|Empresa 3|Reg 11|1|0|1|0|SIM-LINHA-000042
11/08/2025 00:00|12/08/2025 15:02|12/08/2025 15:48|Dir.2|Empresa 3|Reg 11|0|0|1|0|SIM-LINHA-000043
12/08/2025 00:00|13/08/2025 16:32|13/08/2025 16:53|Dir.2|Empresa 3|Reg 11|1|0|1|0|SIM-LINHA-000044
13/08/2025 00:00|14/08/2025 15:54|14/08/2025 15:57|Dir.2|Empresa 3|Reg 11|1|0|0|0|SIM-LINHA-000045
14/08/2025 00:00|15/08/2025 15:12|15/08/2025 15:51|Dir.2|Empresa 3|Reg 11|0|0|1|0|SIM-LINHA-000046
15/08/2025 00:00|16/08/2025 15:54|16/08/2025 17:54|Dir.2|Empresa 3|Reg 11|0|0|0|0|SIM-LINHA-000047
16/08/2025 00:00|17/08/2025 15:39|17/08/2025 17:35|Dir.2|Empresa 3|Reg 11|0|0|0|0|SIM-LINHA-000048
13/08/2025 00:00|18/08/2025 17:18|18/08/2025 17:53|Dir.2|Empresa 3|Reg 11|0|1|0|0|SIM-LINHA-000049
18/08/2025 00:00|19/08/2025 14:27|19/08/2025 14:54|Dir.2|Empresa 3|Reg 11|0|1|1|0|SIM-LINHA-000050
15/08/2025 00:00|20/08/2025 15:28|20/08/2025 16:46|Dir.2|Empresa 3|Reg 11|0|1|0|0|SIM-LINHA-000051
20/08/2025 00:00|21/08/2025 16:22|21/08/2025 17:38|Dir.2|Empresa 3|Reg 11|0|0|0|0|SIM-LINHA-000052
21/08/2025 00:00|22/08/2025 15:47|22/08/2025 17:05|Dir.2|Empresa 3|Reg 11|0|1|0|0|SIM-LINHA-000053
19/08/2025 00:00|23/08/2025 15:20|23/08/2025 15:57|Dir.2|Empresa 3|Reg 11|0|1|0|0|SIM-LINHA-000054
14/08/2025 00:00|24/08/2025 15:40|24/08/2025 16:24|Dir.2|Empresa 3|Reg 11|1|1|1|1|SIM-LINHA-000055
25/08/2025 00:00|25/08/2025 17:09|25/08/2025 18:59|Dir.2|Empresa 3|Reg 11|1|1|0|0|SIM-LINHA-000056
25/08/2025 00:00|26/08/2025 15:48|26/08/2025 16:28|Dir.2|Empresa 3|Reg 11|0|1|1|0|SIM-LINHA-000057
26/08/2025 00:00|27/08/2025 16:48|27/08/2025 16:52|Dir.2|Empresa 3|Reg 11|0|0|0|0|SIM-LINHA-000058
11/08/2025 00:00|28/08/2025 14:39|28/08/2025 15:58|Dir.2|Empresa 3|Reg 11|0|1|0|0|SIM-LINHA-000059
18/08/2025 00:00|29/08/2025 16:48|29/08/2025 18:33|Dir.2|Empresa 3|Reg 11|1|1|0|0|SIM-LINHA-000060
18/08/2025 00:00|30/08/2025 16:23|30/08/2025 17:09|Dir.2|Empresa 3|Reg 11|1|0|1|0|SIM-LINHA-000061
24/08/2025 00:00|31/08/2025 16:31|31/08/2025 18:06|Dir.2|Empresa 3|Reg 11|0|0|1|0|SIM-LINHA-000062
19/08/2025 00:00|01/09/2025 16:17|01/09/2025 17:54|Dir.2|Empresa 3|Reg 11|1|1|0|0|SIM-LINHA-000063
01/09/2025 00:00|02/09/2025 15:16|02/09/2025 16:27|Dir.2|Empresa 3|Reg 11|0|1|1|0|SIM-LINHA-000064
02/09/2025 00:00|03/09/2025 15:29|03/09/2025 16:59|Dir.2|Empresa 3|Reg 11|0|1|0|0|SIM-LINHA-000065
03/09/2025 00:00|04/09/2025 15:34|04/09/2025 16:06|Dir.2|Empresa 3|Reg 11|0|1|1|0|SIM-LINHA-000066
04/09/2025 00:00|05/09/2025 16:22|05/09/2025 16:35|Dir.2|Empresa 3|Reg 11|0|1|0|0|SIM-LINHA-000067
05/09/2025 00:00|06/09/2025 15:24|06/09/2025 16:48|Dir.2|Empresa 3|Reg 11|1|1|0|0|SIM-LINHA-000068
02/09/2025 00:00|07/09/2025 17:20|07/09/2025 18:22|Dir.2|Empresa 3|Reg 11|0|0|1|0|SIM-LINHA-000069
08/09/2025 00:00|08/09/2025 14:30|08/09/2025 14:48|Dir.2|Empresa 3|Reg 11|0|0|1|0|SIM-LINHA-000070
08/09/2025 00:00|09/09/2025 15:42|09/09/2025 15:55|Dir.2|Empresa 3|Reg 11|0|1|0|0|SIM-LINHA-000071
09/09/2025 00:00|10/09/2025 16:38|10/09/2025 16:49|Dir.2|Empresa 3|Reg 11|1|0|0|0|SIM-LINHA-000072
10/09/2025 00:00|11/09/2025 16:55|11/09/2025 18:40|Dir.2|Empresa 3|Reg 11|1|0|0|0|SIM-LINHA-000073
11/09/2025 00:00|12/09/2025 16:17|12/09/2025 17:15|Dir.2|Empresa 3|Reg 11|0|0|0|0|SIM-LINHA-000074
12/09/2025 00:00|13/09/2025 16:27|13/09/2025 16:36|Dir.2|Empresa 3|Reg 11|1|0|1|0|SIM-LINHA-000075
12/09/2025 00:00|14/09/2025 15:26|14/09/2025 15:43|Dir.2|Empresa 3|Reg 11|0|1|1|0|SIM-LINHA-000076
14/09/2025 00:00|15/09/2025 15:43|15/09/2025 16:41|Dir.2|Empresa 3|Reg 11|1|0|0|0|SIM-LINHA-000077
15/09/2025 00:00|16/09/2025 14:29|16/09/2025 15:05|Dir.2|Empresa 3|Reg 11|0|0|0|0|SIM-LINHA-000078
16/09/2025 00:00|17/09/2025 16:04|17/09/2025 17:13|Dir.2|Empresa 3|Reg 11|0|1|1|0|SIM-LINHA-000079
08/09/2025 00:00|18/09/2025 16:16|18/09/2025 18:06|Dir.2|Empresa 3|Reg 11|1|0|1|0|SIM-LINHA-000080
18/09/2025 00:00|19/09/2025 17:15|19/09/2025 18:22|Dir.2|Empresa 3|Reg 11|0|0|1|0|SIM-LINHA-000081
09/09/2025 00:00|20/09/2025 14:55|20/09/2025 16:08|Dir.2|Empresa 3|Reg 11|1|0|1|0|SIM-LINHA-000082
15/09/2025 00:00|21/09/2025 16:04|21/09/2025 17:21|Dir.2|Empresa 3|Reg 11|1|0|0|0|SIM-LINHA-000083
22/09/2025 00:00|22/09/2025 14:30|22/09/2025 15:58|Dir.2|Empresa 3|Reg 11|0|1|1|0|SIM-LINHA-000084
22/09/2025 00:00|23/09/2025 17:20|23/09/2025 17:22|Dir.2|Empresa 3|Reg 11|0|1|0|0|SIM-LINHA-000085
23/09/2025 00:00|24/09/2025 14:50|24/09/2025 15:24|Dir.2|Empresa 3|Reg 11|0|0|0|0|SIM-LINHA-000086
24/09/2025 00:00|25/09/2025 15:13|25/09/2025 16:56|Dir.2|Empresa 3|Reg 11|0|0|1|0|SIM-LINHA-000087
22/09/2025 00:00|26/09/2025 15:53|26/09/2025 16:24|Dir.2|Empresa 3|Reg 11|1|0|1|0|SIM-LINHA-000088
26/09/2025 00:00|27/09/2025 17:21|27/09/2025 18:04|Dir.2|Empresa 3|Reg 11|1|0|1|0|SIM-LINHA-000089
18/09/2025 00:00|28/09/2025 15:08|28/09/2025 15:37|Dir.2|Empresa 3|Reg 11|1|1|0|0|SIM-LINHA-000090
29/09/2025 00:00|29/09/2025 17:18|29/09/2025 18:04|Dir.2|Empresa 3|Reg 11|0|0|1|0|SIM-LINHA-000091
29/09/2025 00:00|30/09/2025 16:12|30/09/2025 16:37|Dir.2|Empresa 3|Reg 11|0|1|1|0|SIM-LINHA-000092
30/09/2025 00:00|01/10/2025 16:29|01/10/2025 16:35|Dir.2|Empresa 3|Reg 11|0|1|1|0|SIM-LINHA-000093
01/07/2025 00:00|02/07/2025 15:15|02/07/2025 15:18|Dir.2|Empresa 3|Reg 11|1|1|0|0|SIM-LINHA-000094
02/07/2025 00:00|03/07/2025 16:55|03/07/2025 17:03|Dir.2|Empresa 3|Reg 11|0|0|0|0|SIM-LINHA-000095
03/07/2025 00:00|04/07/2025 16:14|04/07/2025 17:54|Dir.2|Empresa 3|Reg 11|0|0|0|0|SIM-LINHA-000096
04/07/2025 00:00|05/07/2025 14:30|05/07/2025 16:09|Dir.2|Empresa 3|Reg 11|0|1|1|0|SIM-LINHA-000097
05/07/2025 00:00|06/07/2025 17:09|06/07/2025 18:44|Dir.2|Empresa 3|Reg 11|0|1|1|0|SIM-LINHA-000098
07/07/2025 00:00|07/07/2025 16:20|07/07/2025 18:09|Dir.2|Empresa 3|Reg 11|1|0|0|0|SIM-LINHA-000099
07/07/2025 00:00|08/07/2025 16:48|08/07/2025 17:47|Dir.2|Empresa 3|Reg 11|1|0|1|0|SIM-LINHA-000100
08/07/2025 00:00|09/07/2025 17:13|09/07/2025 17:22|Dir.2|Empresa 3|Reg 11|0|0|0|0|SIM-LINHA-000101
09/07/2025 00:00|10/07/2025 16:33|10/07/2025 17:09|Dir.2|Empresa 3|Reg 11|0|1|1|0|SIM-LINHA-000102
10/07/2025 00:00|11/07/2025 15:50|11/07/2025 16:38|Dir.2|Empresa 3|Reg 11|1|1|0|0|SIM-LINHA-000103
09/07/2025 00:00|12/07/2025 15:43|12/07/2025 17:14|Dir.2|Empresa 3|Reg 11|0|0|1|0|SIM-LINHA-000104
12/07/2025 00:00|13/07/2025 14:51|13/07/2025 14:56|Dir.2|Empresa 3|Reg 11|1|0|0|0|SIM-LINHA-000105
09/07/2025 00:00|14/07/2025 17:02|14/07/2025 17:38|Dir.2|Empresa 3|Reg 11|0|1|0|0|SIM-LINHA-000106
14/07/2025 00:00|15/07/2025 16:25|15/07/2025 17:55|Dir.2|Empresa 3|Reg 11|0|1|0|0|SIM-LINHA-000107
15/07/2025 00:00|16/07/2025 17:22|16/07/2025 18:49|Dir.2|Empresa 3|Reg 11|0|1|0|0|SIM-LINHA-000108
16/07/2025 00:00|17/07/2025 16:37|17/07/2025 18:32|Dir.2|Empresa 3|Reg 11|1|0|0|0|SIM-LINHA-000109
17/07/2025 00:00|18/07/2025 16:44|18/07/2025 17:38|Dir.2|Empresa 3|Reg 11|0|1|0|0|SIM-LINHA-000110
18/07/2025 00:00|19/07/2025 15:37|19/07/2025 16:01|Dir.2|Empresa 3|Reg 11|1|0|0|0|SIM-LINHA-000111
19/07/2025 00:00|20/07/2025 15:20|20/07/2025 16:32|Dir.2|Empresa 3|Reg 11|0|0|0|0|SIM-LINHA-000112
20/07/2025 00:00|21/07/2025 15:02|21/07/2025 15:24|Dir.2|Empresa 3|Reg 11|0|1|0|0|SIM-LINHA-000113
21/07/2025 00:00|22/07/2025 16:28|22/07/2025 17:49|Dir.2|Empresa 3|Reg 11|0|0|1|0|SIM-LINHA-000114
22/07/2025 00:00|23/07/2025 17:08|23/07/2025 17:19|Dir.2|Empresa 3|Reg 11|0|1|1|0|SIM-LINHA-000115
23/07/2025 00:00|24/07/2025 15:58|24/07/2025 17:35|Dir.2|Empresa 3|Reg 11|0|0|1|0|SIM-LINHA-000116
24/07/2025 00:00|25/07/2025 15:11|25/07/2025 16:05|Dir.2|Empresa 3|Reg 11|1|1|0|0|SIM-LINHA-000117
23/07/2025 00:00|26/07/2025 15:32|26/07/2025 17:05|Dir.2|Empresa 3|Reg 11|0|0|1|0|SIM-LINHA-000118
21/07/2025 00:00|27/07/2025 16:34|27/07/2025 17:46|Dir.2|Empresa 3|Reg 11|1|1|0|0|SIM-LINHA-000119
28/07/2025 00:00|28/07/2025 16:40|28/07/2025 18:23|Dir.2|Empresa 3|Reg 11|1|0|0|0|SIM-LINHA-000120
28/07/2025 00:00|29/07/2025 16:29|29/07/2025 17:32|Dir.2|Empresa 3|Reg 11|0|0|0|0|SIM-LINHA-000121
29/07/2025 00:00|30/07/2025 14:34|30/07/2025 16:23|Dir.2|Empresa 3|Reg 11|0|1|1|0|SIM-LINHA-000122
30/07/2025 00:00|31/07/2025 16:06|31/07/2025 16:38|Dir.2|Empresa 3|Reg 11|0|1|0|0|SIM-LINHA-000123
31/07/2025 00:00|01/08/2025 15:34|01/08/2025 17:01|Dir.2|Empresa 3|Reg 11|0|0|0|0|SIM-LINHA-000124
01/08/2025 00:00|02/08/2025 16:03|02/08/2025 17:59|Dir.2|Empresa 3|Reg 11|0|0|0|0|SIM-LINHA-000125
02/08/2025 00:00|03/08/2025 14:46|03/08/2025 16:24|Dir.2|Empresa 3|Reg 11|1|0|0|0|SIM-LINHA-000126
04/08/2025 00:00|04/08/2025 15:31|04/08/2025 15:35|Dir.2|Empresa 3|Reg 11|1|1|1|1|SIM-LINHA-000127
05/08/2025 00:00|05/08/2025 16:00|05/08/2025 17:12|Dir.2|Empresa 3|Reg 11|0|0|1|0|SIM-LINHA-000128
05/08/2025 00:00|06/08/2025 15:38|06/08/2025 17:25|Dir.2|Empresa 3|Reg 11|0|0|0|0|SIM-LINHA-000129
06/08/2025 00:00|07/08/2025 16:52|07/08/2025 18:42|Dir.2|Empresa 3|Reg 11|0|1|1|0|SIM-LINHA-000130
07/08/2025 00:00|08/08/2025 17:06|08/08/2025 17:18|Dir.2|Empresa 3|Reg 11|0|0|1|0|SIM-LINHA-000131
05/08/2025 00:00|09/08/2025 14:51|09/08/2025 14:57|Dir.2|Empresa 3|Reg 11|0|0|1|0|SIM-LINHA-000132
09/08/2025 00:00|10/08/2025 14:57|10/08/2025 16:12|Dir.2|Empresa 3|Reg 11|0|0|0|0|SIM-LINHA-000133
11/08/2025 00:00|11/08/2025 16:40|11/08/2025 18:00|Dir.2|Empresa 3|Reg 11|1|1|1|1|SIM-LINHA-000134
11/08/2025 00:00|12/08/2025 17:04|12/08/2025 18:17|Dir.2|Empresa 3|Reg 11|0|0|0|0|SIM-LINHA-000135
12/08/2025 00:00|13/08/2025 16:41|13/08/2025 18:38|Dir.2|Empresa 3|Reg 11|1|1|1|1|SIM-LINHA-000136
13/08/2025 00:00|14/08/2025 16:06|14/08/2025 16:16|Dir.2|Empresa 3|Reg 11|1|0|1|0|SIM-LINHA-000137
14/08/2025 00:00|15/08/2025 16:26|15/08/2025 17:54|Dir.2|Empresa 3|Reg 11|0|1|0|0|SIM-LINHA-000138
15/08/2025 00:00|16/08/2025 15:19|16/08/2025 16:29|Dir.2|Empresa 3|Reg 11|0|0|0|0|SIM-LINHA-000139
16/08/2025 00:00|17/08/2025 14:38|17/08/2025 15:30|Dir.2|Empresa 3|Reg 11|0|1|0|0|SIM-LINHA-000140
18/08/2025 00:00|18/08/2025 15:26|18/08/2025 16:40|Dir.2|Empresa 3|Reg 11|0|0|1|0|SIM-LINHA-000141
18/08/2025 00:00|19/08/2025 16:38|19/08/2025 17:31|Dir.2|Empresa 3|Reg 11|0|1|0|0|SIM-LINHA-000142
19/08/2025 00:00|20/08/2025 16:09|20/08/2025 16:20|Dir.2|Empresa 3|Reg 11|0|0|0|0|SIM-LINHA-000143
20/08/2025 00:00|21/08/2025 15:03|21/08/2025 15:15|Dir.2|Empresa 3|Reg 11|0|0|0|0|SIM-LINHA-000144
21/08/2025 00:00|22/08/2025 14:43|22/08/2025 16:31|Dir.2|Empresa 3|Reg 11|1|0|1|0|SIM-LINHA-000145
22/08/2025 00:00|23/08/2025 17:15|23/08/2025 18:11|Dir.2|Empresa 3|Reg 11|0|0|1|0|SIM-LINHA-000146
19/08/2025 00:00|24/08/2025 17:06|24/08/2025 17:38|Dir.2|Empresa 3|Reg 11|1|0|0|0|SIM-LINHA-000147
24/08/2025 00:00|25/08/2025 15:15|25/08/2025 15:18|Dir.2|Empresa 3|Reg 11|0|0|0|0|SIM-LINHA-000148
25/08/2025 00:00|26/08/2025 17:01|26/08/2025 18:56|Dir.2|Empresa 3|Reg 11|0|0|0|0|SIM-LINHA-000149
26/08/2025 00:00|27/08/2025 16:31|27/08/2025 18:16|Dir.2|Empresa 3|Reg 11|0|1|1|0|SIM-LINHA-000150
27/08/2025 00:00|28/08/2025 16:57|28/08/2025 18:11|Dir.2|Empresa 3|Reg 11|1|0|0|0|SIM-LINHA-000151
19/08/2025 00:00|29/08/2025 16:32|29/08/2025 17:58|Dir.2|Empresa 3|Reg 11|0|1|1|0|SIM-LINHA-000152
17/08/2025 00:00|30/08/2025 14:34|30/08/2025 15:25|Dir.2|Empresa 3|Reg 11|1|0|0|0|SIM-LINHA-000153
31/08/2025 00:00|31/08/2025 16:26|31/08/2025 18:09|Dir.2|Empresa 3|Reg 11|0|0|1|0|SIM-LINHA-000154
20/08/2025 00:00|01/09/2025 16:49|01/09/2025 18:17|Dir.2|Empresa 3|Reg 11|0|1|1|0|SIM-LINHA-000155
01/09/2025 00:00|02/09/2025 16:40|02/09/2025 18:01|Dir.2|Empresa 3|Reg 11|0|0|1|0|SIM-LINHA-000156
02/09/2025 00:00|03/09/2025 14:45|03/09/2025 15:22|Dir.2|Empresa 3|Reg 11|0|0|1|0|SIM-LINHA-000157
03/09/2025 00:00|04/09/2025 16:30|04/09/2025 16:34|Dir.2|Empresa 3|Reg 11|1|0|0|0|SIM-LINHA-000158
04/09/2025 00:00|05/09/2025 15:30|05/09/2025 16:43|Dir.2|Empresa 3|Reg 11|0|1|1|0|SIM-LINHA-000159
03/09/2025 00:00|06/09/2025 17:11|06/09/2025 19:06|Dir.2|Empresa 3|Reg 11|1|0|0|0|SIM-LINHA-000160
01/09/2025 00:00|07/09/2025 16:25|07/09/2025 16:32|Dir.2|Empresa 3|Reg 11|0|1|1|0|SIM-LINHA-000161
03/09/2025 00:00|08/09/2025 14:30|08/09/2025 16:21|Dir.2|Empresa 3|Reg 11|1|0|1|0|SIM-LINHA-000162
08/09/2025 00:00|09/09/2025 15:22|09/09/2025 16:33|Dir.2|Empresa 3|Reg 11|1|0|0|0|SIM-LINHA-000163
09/09/2025 00:00|10/09/2025 15:26|10/09/2025 15:44|Dir.2|Empresa 3|Reg 11|0|0|1|0|SIM-LINHA-000164
10/09/2025 00:00|11/09/2025 17:15|11/09/2025 17:26|Dir.2|Empresa 3|Reg 11|0|0|0|0|SIM-LINHA-000165
11/09/2025 00:00|12/09/2025 15:49|12/09/2025 16:33|Dir.2|Empresa 3|Reg 11|1|0|0|0|SIM-LINHA-000166
12/09/2025 00:00|13/09/2025 14:57|13/09/2025 16:00|Dir.2|Empresa 3|Reg 11|0|0|0|0|SIM-LINHA-000167
02/09/2025 00:00|14/09/2025 14:35|14/09/2025 14:53|Dir.2|Empresa 3|Reg 11|0|0|1|0|SIM-LINHA-000168
14/09/2025 00:00|15/09/2025 14:32|15/09/2025 14:39|Dir.2|Empresa 3|Reg 11|0|0|0|0|SIM-LINHA-000169
15/09/2025 00:00|16/09/2025 16:24|16/09/2025 16:36|Dir.2|Empresa 3|Reg 11|0|1|0|0|SIM-LINHA-000170
16/09/2025 00:00|17/09/2025 15:37|17/09/2025 17:25|Dir.2|Empresa 3|Reg 11|0|0|0|0|SIM-LINHA-000171
17/09/2025 00:00|18/09/2025 16:55|18/09/2025 18:44|Dir.2|Empresa 3|Reg 11|1|0|1|0|SIM-LINHA-000172
18/09/2025 00:00|19/09/2025 15:31|19/09/2025 15:32|Dir.2|Empresa 3|Reg 11|0|1|0|0|SIM-LINHA-000173
09/09/2025 00:00|20/09/2025 17:21|20/09/2025 18:36|Dir.2|Empresa 3|Reg 11|0|0|1|0|SIM-LINHA-000174
14/09/2025 00:00|21/09/2025 16:21|21/09/2025 17:27|Dir.2|Empresa 3|Reg 11|0|0|1|0|SIM-LINHA-000175
08/09/2025 00:00|22/09/2025 16:50|22/09/2025 18:09|Dir.2|Empresa 3|Reg 11|1|1|0|0|SIM-LINHA-000176
22/09/2025 00:00|23/09/2025 17:23|23/09/2025 18:39|Dir.2|Empresa 3|Reg 11|0|1|0|0|SIM-LINHA-000177
23/09/2025 00:00|24/09/2025 16:07|24/09/2025 16:19|Dir.2|Empresa 3|Reg 11|0|1|0|0|SIM-LINHA-000178
24/09/2025 00:00|25/09/2025 14:50|25/09/2025 15:45|Dir.2|Empresa 3|Reg 11|1|1|1|1|SIM-LINHA-000179
25/09/2025 00:00|26/09/2025 16:25|26/09/2025 16:27|Dir.2|Empresa 3|Reg 11|0|0|1|0|SIM-LINHA-000180
26/09/2025 00:00|27/09/2025 15:00|27/09/2025 16:45|Dir.2|Empresa 3|Reg 11|1|0|1|0|SIM-LINHA-000181
15/09/2025 00:00|28/09/2025 15:30|28/09/2025 17:17|Dir.2|Empresa 3|Reg 11|1|0|1|0|SIM-LINHA-000182
23/09/2025 00:00|29/09/2025 15:02|29/09/2025 16:04|Dir.2|Empresa 3|Reg 11|0|1|0|0|SIM-LINHA-000183
29/09/2025 00:00|30/09/2025 16:45|30/09/2025 17:07|Dir.2|Empresa 3|Reg 11|0|0|0|0|SIM-LINHA-000184
30/09/2025 00:00|01/10/2025 16:30|01/10/2025 16:53|Dir.2|Empresa 3|Reg 11|0|0|0|0|SIM-LINHA-000185
01/07/2025 00:00|02/07/2025 15:52|02/07/2025 16:13|Dir.2|Empresa 3|Reg 10|0|0|0|0|SIM-LINHA-000186
02/07/2025 00:00|03/07/2025 14:25|03/07/2025 16:03|Dir.2|Empresa 3|Reg 10|0|1|0|0|SIM-LINHA-000187
03/07/2025 00:00|04/07/2025 15:30|04/07/2025 16:27|Dir.2|Empresa 3|Reg 10|0|0|1|0|SIM-LINHA-000188
04/07/2025 00:00|05/07/2025 15:09|05/07/2025 16:01|Dir.2|Empresa 3|Reg 10|1|1|0|0|SIM-LINHA-000189
01/07/2025 00:00|06/07/2025 17:05|06/07/2025 19:04|Dir.2|Empresa 3|Reg 10|0|1|0|0|SIM-LINHA-000190
06/07/2025 00:00|07/07/2025 15:12|07/07/2025 16:01|Dir.2|Empresa 3|Reg 10|0|0|0|0|SIM-LINHA-000191
07/07/2025 00:00|08/07/2025 16:10|08/07/2025 17:12|Dir.2|Empresa 3|Reg 10|1|1|0|0|SIM-LINHA-000192
08/07/2025 00:00|09/07/2025 15:10|09/07/2025 15:50|Dir.2|Empresa 3|Reg 10|1|1|1|1|SIM-LINHA-000193
09/07/2025 00:00|10/07/2025 15:04|10/07/2025 15:22|Dir.2|Empresa 3|Reg 10|0|0|0|0|SIM-LINHA-000194
07/07/2025 00:00|11/07/2025 15:18|11/07/2025 17:10|Dir.2|Empresa 3|Reg 10|0|0|1|0|SIM-LINHA-000195
11/07/2025 00:00|12/07/2025 16:26|12/07/2025 18:05|Dir.2|Empresa 3|Reg 10|0|0|1|0|SIM-LINHA-000196
12/07/2025 00:00|13/07/2025 17:12|13/07/2025 17:33|Dir.2|Empresa 3|Reg 10|0|0|1|0|SIM-LINHA-000197
14/07/2025 00:00|14/07/2025 15:47|14/07/2025 16:23|Dir.2|Empresa 3|Reg 10|1|1|0|0|SIM-LINHA-000198
14/07/2025 00:00|15/07/2025 15:17|15/07/2025 15:42|Dir.2|Empresa 3|Reg 10|1|0|0|0|SIM-LINHA-000199
15/07/2025 00:00|16/07/2025 14:31|16/07/2025 15:45|Dir.2|Empresa 3|Reg 10|0|1|0|0|SIM-LINHA-000200
16/07/2025 00:00|17/07/2025 15:59|17/07/2025 16:24|Dir.2|Empresa 3|Reg 10|1|0|0|0|SIM-LINHA-000201
17/07/2025 00:00|18/07/2025 15:55|18/07/2025 16:23|Dir.2|Empresa 3|Reg 10|0|0|0|0|SIM-LINHA-000202
16/07/2025 00:00|19/07/2025 16:47|19/07/2025 18:21|Dir.2|Empresa 3|Reg 10|1|1|0|0|SIM-LINHA-000203
15/07/2025 00:00|20/07/2025 15:04|20/07/2025 16:31|Dir.2|Empresa 3|Reg 10|0|1|1|0|SIM-LINHA-000204
20/07/2025 00:00|21/07/2025 15:26|21/07/2025 16:53|Dir.2|Empresa 3|Reg 10|0|0|1|0|SIM-LINHA-000205
21/07/2025 00:00|22/07/2025 16:01|22/07/2025 16:45|Dir.2|Empresa 3|Reg 10|0|1|0|0|SIM-LINHA-000206
22/07/2025 00:00|23/07/2025 15:42|23/07/2025 17:29|Dir.2|Empresa 3|Reg 10|0|0|0|0|SIM-LINHA-000207
23/07/2025 00:00|24/07/2025 17:19|24/07/2025 17:40|Dir.2|Empresa 3|Reg 10|0|0|1|0|SIM-LINHA-000208
24/07/2025 00:00|25/07/2025 14:54|25/07/2025 14:55|Dir.2|Empresa 3|Reg 10|0|0|0|0|SIM-LINHA-000209
25/07/2025 00:00|26/07/2025 16:17|26/07/2025 16:31|Dir.2|Empresa 3|Reg 10|0|0|0|0|SIM-LINHA-000210
21/07/2025 00:00|27/07/2025 15:03|27/07/2025 16:15|Dir.2|Empresa 3|Reg 10|0|0|1|0|SIM-LINHA-000211
28/07/2025 00:00|28/07/2025 15:37|28/07/2025 16:38|Dir.2|Empresa 3|Reg 10|0|1|0|0|SIM-LINHA-000212
28/07/2025 00:00|29/07/2025 14:48|29/07/2025 14:52|Dir.2|Empresa 3|Reg 10|1|0|0|0|SIM-LINHA-000213
29/07/2025 00:00|30/07/2025 15:00|30/07/2025 15:57|Dir.2|Empresa 3|Reg 10|1|1|0|0|SIM-LINHA-000214
30/07/2025 00:00|31/07/2025 16:08|31/07/2025 16:25|Dir.2|Empresa 3|Reg 10|0|0|1|0|SIM-LINHA-000215
28/07/2025 00:00|01/08/2025 15:57|01/08/2025 17:55|Dir.2|Empresa 3|Reg 10|1|1|1|1|SIM-LINHA-000216
01/08/2025 00:00|02/08/2025 17:02|02/08/2025 17:38|Dir.2|Empresa 3|Reg 10|0|1|0|0|SIM-LINHA-000217
02/08/2025 00:00|03/08/2025 16:11|03/08/2025 16:25|Dir.2|Empresa 3|Reg 10|0|0|0|0|SIM-LINHA-000218
04/08/2025 00:00|04/08/2025 16:11|04/08/2025 18:06|Dir.2|Empresa 3|Reg 10|0|1|0|0|SIM-LINHA-000219
04/08/2025 00:00|05/08/2025 14:39|05/08/2025 16:36|Dir.2|Empresa 3|Reg 10|1|1|1|1|SIM-LINHA-000220
05/08/2025 00:00|06/08/2025 15:55|06/08/2025 16:42|Dir.2|Empresa 3|Reg 10|1|1|1|1|SIM-LINHA-000221
06/08/2025 00:00|07/08/2025 15:05|07/08/2025 16:15|Dir.2|Empresa 3|Reg 10|0|0|1|0|SIM-LINHA-000222
07/08/2025 00:00|08/08/2025 16:13|08/08/2025 16:18|Dir.2|Empresa 3|Reg 10|1|0|0|0|SIM-LINHA-000223
08/08/2025 00:00|09/08/2025 16:56|09/08/2025 17:28|Dir.2|Empresa 3|Reg 10|1|0|1|0|SIM-LINHA-000224
08/08/2025 00:00|10/08/2025 17:10|10/08/2025 18:02|Dir.2|Empresa 3|Reg 10|0|1|0|0|SIM-LINHA-000225
11/08/2025 00:00|11/08/2025 14:25|11/08/2025 14:36|Dir.2|Empresa 3|Reg 10|0|0|1|0|SIM-LINHA-000226
11/08/2025 00:00|12/08/2025 16:47|12/08/2025 17:24|Dir.2|Empresa 3|Reg 10|0|0|0|0|SIM-LINHA-000227
12/08/2025 00:00|13/08/2025 16:59|13/08/2025 18:32|Dir.2|Empresa 3|Reg 10|0|0|1|0|SIM-LINHA-000228
13/08/2025 00:00|14/08/2025 16:32|14/08/2025 17:57|Dir.2|Empresa 3|Reg 10|0|1|0|0|SIM-LINHA-000229
14/08/2025 00:00|15/08/2025 15:09|15/08/2025 15:27|Dir.2|Empresa 3|Reg 10|0|0|0|0|SIM-LINHA-000230
15/08/2025 00:00|16/08/2025 14:47|16/08/2025 16:30|Dir.2|Empresa 3|Reg 10|1|1|0|0|SIM-LINHA-000231
16/08/2025 00:00|17/08/2025 14:35|17/08/2025 15:49|Dir.2|Empresa 3|Reg 10|0|0|0|0|SIM-LINHA-000232
18/08/2025 00:00|18/08/2025 15:31|18/08/2025 15:34|Dir.2|Empresa 3|Reg 10|1|0|1|0|SIM-LINHA-000233
18/08/2025 00:00|19/08/2025 15:16|19/08/2025 15:30|Dir.2|Empresa 3|Reg 10|1|0|0|0|SIM-LINHA-000234
19/08/2025 00:00|20/08/2025 16:28|20/08/2025 17:35|Dir.2|Empresa 3|Reg 10|0|1|0|0|SIM-LINHA-000235
20/08/2025 00:00|21/08/2025 16:34|21/08/2025 17:51|Dir.2|Empresa 3|Reg 10|1|0|1|0|SIM-LINHA-000236
21/08/2025 00:00|22/08/2025 15:56|22/08/2025 17:05|Dir.2|Empresa 3|Reg 10|0|0|0|0|SIM-LINHA-000237
22/08/2025 00:00|23/08/2025 16:12|23/08/2025 16:21|Dir.2|Empresa 3|Reg 10|0|1|1|0|SIM-LINHA-000238
23/08/2025 00:00|24/08/2025 16:05|24/08/2025 16:26|Dir.2|Empresa 3|Reg 10|1|0|1|0|SIM-LINHA-000239
19/08/2025 00:00|25/08/2025 14:38|25/08/2025 16:03|Dir.2|Empresa 3|Reg 10|0|1|1|0|SIM-LINHA-000240
25/08/2025 00:00|26/08/2025 16:04|26/08/2025 17:34|Dir.2|Empresa 3|Reg 10|0|0|1|0|SIM-LINHA-000241
26/08/2025 00:00|27/08/2025 15:44|27/08/2025 17:05|Dir.2|Empresa 3|Reg 10|0|1|0|0|SIM-LINHA-000242
18/08/2025 00:00|28/08/2025 17:16|28/08/2025 18:12|Dir.2|Empresa 3|Reg 10|0|1|1|0|SIM-LINHA-000243
28/08/2025 00:00|29/08/2025 14:39|29/08/2025 14:55|Dir.2|Empresa 3|Reg 10|0|1|1|0|SIM-LINHA-000244
19/08/2025 00:00|30/08/2025 16:43|30/08/2025 18:23|Dir.2|Empresa 3|Reg 10|1|1|0|0|SIM-LINHA-000245
19/08/2025 00:00|31/08/2025 14:25|31/08/2025 15:02|Dir.2|Empresa 3|Reg 10|1|0|1|0|SIM-LINHA-000246
31/08/2025 00:00|01/09/2025 17:10|01/09/2025 17:51|Dir.2|Empresa 3|Reg 10|0|0|0|0|SIM-LINHA-000247
01/09/2025 00:00|02/09/2025 16:28|02/09/2025 16:51|Dir.2|Empresa 3|Reg 10|0|0|1|0|SIM-LINHA-000248
02/09/2025 00:00|03/09/2025 15:21|03/09/2025 16:23|Dir.2|Empresa 3|Reg 10|0|1|1|0|SIM-LINHA-000249
03/09/2025 00:00|04/09/2025 14:26|04/09/2025 14:47|Dir.2|Empresa 3|Reg 10|0|0|0|0|SIM-LINHA-000250
04/09/2025 00:00|05/09/2025 14:53|05/09/2025 16:09|Dir.2|Empresa 3|Reg 10|0|0|0|0|SIM-LINHA-000251
05/09/2025 00:00|06/09/2025 16:42|06/09/2025 16:47|Dir.2|Empresa 3|Reg 10|0|0|0|0|SIM-LINHA-000252
06/09/2025 00:00|07/09/2025 16:48|07/09/2025 17:33|Dir.2|Empresa 3|Reg 10|0|0|0|0|SIM-LINHA-000253
07/09/2025 00:00|08/09/2025 14:28|08/09/2025 16:00|Dir.2|Empresa 3|Reg 10|1|0|0|0|SIM-LINHA-000254
08/09/2025 00:00|09/09/2025 15:53|09/09/2025 17:53|Dir.2|Empresa 3|Reg 10|0|0|1|0|SIM-LINHA-000255
09/09/2025 00:00|10/09/2025 16:25|10/09/2025 17:33|Dir.2|Empresa 3|Reg 10|1|0|0|0|SIM-LINHA-000256
10/09/2025 00:00|11/09/2025 14:32|11/09/2025 15:09|Dir.2|Empresa 3|Reg 10|0|1|1|0|SIM-LINHA-000257
11/09/2025 00:00|12/09/2025 16:05|12/09/2025 17:31|Dir.2|Empresa 3|Reg 10|0|1|1|0|SIM-LINHA-000258
12/09/2025 00:00|13/09/2025 16:14|13/09/2025 17:40|Dir.2|Empresa 3|Reg 10|0|0|1|0|SIM-LINHA-000259
13/09/2025 00:00|14/09/2025 16:39|14/09/2025 17:11|Dir.2|Empresa 3|Reg 10|0|1|0|0|SIM-LINHA-000260
14/09/2025 00:00|15/09/2025 15:55|15/09/2025 15:59|Dir.2|Empresa 3|Reg 10|0|0|0|0|SIM-LINHA-000261
15/09/2025 00:00|16/09/2025 14:36|16/09/2025 14:48|Dir.2|Empresa 3|Reg 10|0|1|0|0|SIM-LINHA-000262
16/09/2025 00:00|17/09/2025 14:35|17/09/2025 16:27|Dir.2|Empresa 3|Reg 10|1|0|0|0|SIM-LINHA-000263
17/09/2025 00:00|18/09/2025 15:26|18/09/2025 15:59|Dir.2|Empresa 3|Reg 10|1|0|1|0|SIM-LINHA-000264
18/09/2025 00:00|19/09/2025 15:49|19/09/2025 17:00|Dir.2|Empresa 3|Reg 10|0|0|1|0|SIM-LINHA-000265
19/09/2025 00:00|20/09/2025 14:59|20/09/2025 16:38|Dir.2|Empresa 3|Reg 10|1|0|1|0|SIM-LINHA-000266
20/09/2025 00:00|21/09/2025 16:53|21/09/2025 17:52|Dir.2|Empresa 3|Reg 10|0|0|0|0|SIM-LINHA-000267
21/09/2025 00:00|22/09/2025 15:30|22/09/2025 15:52|Dir.2|Empresa 3|Reg 10|0|0|0|0|SIM-LINHA-000268
22/09/2025 00:00|23/09/2025 16:37|23/09/2025 17:58|Dir.2|Empresa 3|Reg 10|0|0|1|0|SIM-LINHA-000269
23/09/2025 00:00|24/09/2025 15:05|24/09/2025 16:49|Dir.2|Empresa 3|Reg 10|0|0|1|0|SIM-LINHA-000270
09/09/2025 00:00|25/09/2025 15:04|25/09/2025 16:40|Dir.2|Empresa 3|Reg 10|0|1|1|0|SIM-LINHA-000271
25/09/2025 00:00|26/09/2025 16:35|26/09/2025 17:42|Dir.2|Empresa 3|Reg 10|0|0|0|0|SIM-LINHA-000272
26/09/2025 00:00|27/09/2025 15:22|27/09/2025 15:43|Dir.2|Empresa 3|Reg 10|0|0|0|0|SIM-LINHA-000273
23/09/2025 00:00|28/09/2025 14:46|28/09/2025 15:17|Dir.2|Empresa 3|Reg 10|0|0|1|0|SIM-LINHA-000274
29/09/2025 00:00|29/09/2025 15:24|29/09/2025 17:06|Dir.2|Empresa 3|Reg 10|0|1|1|0|SIM-LINHA-000275
29/09/2025 00:00|30/09/2025 14:33|30/09/2025 14:54|Dir.2|Empresa 3|Reg 10|0|1|0|0|SIM-LINHA-000276
30/09/2025 00:00|01/10/2025 15:08|01/10/2025 15:14|Dir.2|Empresa 3|Reg 10|0|0|1|0|SIM-LINHA-000277
01/07/2025 00:00|02/07/2025 17:20|02/07/2025 18:56|Dir.2|Empresa 3|Reg 9|0|1|1|0|SIM-LINHA-000278
02/07/2025 00:00|03/07/2025 15:19|03/07/2025 16:13|Dir.2|Empresa 3|Reg 9|0|1|0|0|SIM-LINHA-000279
03/07/2025 00:00|04/07/2025 16:36|04/07/2025 16:49|Dir.2|Empresa 3|Reg 9|0|1|0|0|SIM-LINHA-000280
04/07/2025 00:00|05/07/2025 16:37|05/07/2025 18:21|Dir.2|Empresa 3|Reg 9|0|0|0|0|SIM-LINHA-000281
01/07/2025 00:00|06/07/2025 16:53|06/07/2025 18:14|Dir.2|Empresa 3|Reg 9|0|0|1|0|SIM-LINHA-000282
07/07/2025 00:00|07/07/2025 14:59|07/07/2025 15:16|Dir.2|Empresa 3|Reg 9|1|1|1|1|SIM-LINHA-000283
07/07/2025 00:00|08/07/2025 16:43|08/07/2025 17:53|Dir.2|Empresa 3|Reg 9|0|1|1|0|SIM-LINHA-000284
08/07/2025 00:00|09/07/2025 14:57|09/07/2025 16:42|Dir.2|Empresa 3|Reg 9|1|0|1|0|SIM-LINHA-000285
09/07/2025 00:00|10/07/2025 16:48|10/07/2025 18:11|Dir.2|Empresa 3|Reg 9|0|1|1|0|SIM-LINHA-000286
10/07/2025 00:00|11/07/2025 14:52|11/07/2025 14:53|Dir.2|Empresa 3|Reg 9|0|1|0|0|SIM-LINHA-000287
11/07/2025 00:00|12/07/2025 15:40|12/07/2025 16:03|Dir.2|Empresa 3|Reg 9|1|0|1|0|SIM-LINHA-000288
10/07/2025 00:00|13/07/2025 14:33|13/07/2025 15:55|Dir.2|Empresa 3|Reg 9|0|1|1|0|SIM-LINHA-000289
13/07/2025 00:00|14/07/2025 15:52|14/07/2025 17:21|Dir.2|Empresa 3|Reg 9|0|0|1|0|SIM-LINHA-000290
14/07/2025 00:00|15/07/2025 17:13|15/07/2025 17:42|Dir.2|Empresa 3|Reg 9|1|1|0|0|SIM-LINHA-000291
15/07/2025 00:00|16/07/2025 15:38|16/07/2025 16:23|Dir.2|Empresa 3|Reg 9|0|0|0|0|SIM-LINHA-000292
16/07/2025 00:00|17/07/2025 15:47|17/07/2025 17:14|Dir.2|Empresa 3|Reg 9|0|1|0|0|SIM-LINHA-000293
17/07/2025 00:00|18/07/2025 14:45|18/07/2025 16:30|Dir.2|Empresa 3|Reg 9|0|1|1|0|SIM-LINHA-000294
14/07/2025 00:00|19/07/2025 15:07|19/07/2025 15:21|Dir.2|Empresa 3|Reg 9|1|1|1|1|SIM-LINHA-000295
19/07/2025 00:00|20/07/2025 16:51|20/07/2025 18:14|Dir.2|Empresa 3|Reg 9|0|1|1|0|SIM-LINHA-000296
20/07/2025 00:00|21/07/2025 16:49|21/07/2025 18:00|Dir.2|Empresa 3|Reg 9|0|0|1|0|SIM-LINHA-000297
21/07/2025 00:00|22/07/2025 15:29|22/07/2025 16:15|Dir.2|Empresa 3|Reg 9|0|0|1|0|SIM-LINHA-000298
22/07/2025 00:00|23/07/2025 17:05|23/07/2025 18:52|Dir.2|Empresa 3|Reg 9|0|0|0|0|SIM-LINHA-000299
23/07/2025 00:00|24/07/2025 14:29|24/07/2025 16:06|Dir.2|Empresa 3|Reg 9|0|1|1|0|SIM-LINHA-000300
24/07/2025 00:00|25/07/2025 15:25|25/07/2025 17:03|Dir.2|Empresa 3|Reg 9|0|0|1|0|SIM-LINHA-000301
25/07/2025 00:00|26/07/2025 15:37|26/07/2025 17:02|Dir.2|Empresa 3|Reg 9|0|0|0|0|SIM-LINHA-000302
26/07/2025 00:00|27/07/2025 15:41|27/07/2025 16:03|Dir.2|Empresa 3|Reg 9|0|0|0|0|SIM-LINHA-000303
28/07/2025 00:00|28/07/2025 15:41|28/07/2025 15:56|Dir.2|Empresa 3|Reg 9|0|1|0|0|SIM-LINHA-000304
28/07/2025 00:00|29/07/2025 14:54|29/07/2025 16:50|Dir.2|Empresa 3|Reg 9|0|0|1|0|SIM-LINHA-000305
29/07/2025 00:00|30/07/2025 14:47|30/07/2025 15:27|Dir.2|Empresa 3|Reg 9|1|0|0|0|SIM-LINHA-000306
30/07/2025 00:00|31/07/2025 15:41|31/07/2025 17:21|Dir.2|Empresa 3|Reg 9|0|0|1|0|SIM-LINHA-000307
31/07/2025 00:00|01/08/2025 17:21|01/08/2025 19:08|Dir.2|Empresa 3|Reg 9|0|1|1|0|SIM-LINHA-000308
01/08/2025 00:00|02/08/2025 15:16|02/08/2025 15:59|Dir.2|Empresa 3|Reg 9|0|0|0|0|SIM-LINHA-000309
02/08/2025 00:00|03/08/2025 17:24|03/08/2025 18:08|Dir.2|Empresa 3|Reg 9|0|1|1|0|SIM-LINHA-000310
04/08/2025 00:00|04/08/2025 15:28|04/08/2025 15:38|Dir.2|Empresa 3|Reg 9|0|0|1|0|SIM-LINHA-000311
04/08/2025 00:00|05/08/2025 15:08|05/08/2025 16:53|Dir.2|Empresa 3|Reg 9|0|0|0|0|SIM-LINHA-000312
05/08/2025 00:00|06/08/2025 15:47|06/08/2025 16:45|Dir.2|Empresa 3|Reg 9|0|1|0|0|SIM-LINHA-000313
06/08/2025 00:00|07/08/2025 14:53|07/08/2025 16:36|Dir.2|Empresa 3|Reg 9|0|0|1|0|SIM-LINHA-000314
07/08/2025 00:00|08/08/2025 17:03|08/08/2025 18:13|Dir.2|Empresa 3|Reg 9|0|0|1|0|SIM-LINHA-000315
08/08/2025 00:00|09/08/2025 17:00|09/08/2025 17:05|Dir.2|Empresa 3|Reg 9|0|0|1|0|SIM-LINHA-000316
04/08/2025 00:00|10/08/2025 15:05|10/08/2025 16:08|Dir.2|Empresa 3|Reg 9|1|1|1|1|SIM-LINHA-000317
10/08/2025 00:00|11/08/2025 14:39|11/08/2025 16:03|Dir.2|Empresa 3|Reg 9|0|0|0|0|SIM-LINHA-000318
11/08/2025 00:00|12/08/2025 16:01|12/08/2025 16:13|Dir.2|Empresa 3|Reg 9|0|1|0|0|SIM-LINHA-000319
12/08/2025 00:00|13/08/2025 15:41|13/08/2025 16:58|Dir.2|Empresa 3|Reg 9|0|0|1|0|SIM-LINHA-000320
11/08/2025 00:00|14/08/2025 16:12|14/08/2025 17:17|Dir.2|Empresa 3|Reg 9|1|1|1|1|SIM-LINHA-000321
14/08/2025 00:00|15/08/2025 15:19|15/08/2025 16:54|Dir.2|Empresa 3|Reg 9|0|1|1|0|SIM-LINHA-000322
15/08/2025 00:00|16/08/2025 16:00|16/08/2025 16:17|Dir.2|Empresa 3|Reg 9|0|0|1|0|SIM-LINHA-000323
13/08/2025 00:00|17/08/2025 16:55|17/08/2025 17:56|Dir.2|Empresa 3|Reg 9|0|1|1|0|SIM-LINHA-000324
08/08/2025 00:00|18/08/2025 15:16|18/08/2025 16:36|Dir.2|Empresa 3|Reg 9|1|0|1|0|SIM-LINHA-000325
18/08/2025 00:00|19/08/2025 15:16|19/08/2025 16:22|Dir.2|Empresa 3|Reg 9|0|0|1|0|SIM-LINHA-000326
19/08/2025 00:00|20/08/2025 16:21|20/08/2025 18:16|Dir.2|Empresa 3|Reg 9|0|1|0|0|SIM-LINHA-000327
20/08/2025 00:00|21/08/2025 14:58|21/08/2025 16:35|Dir.2|Empresa 3|Reg 9|1|0|0|0|SIM-LINHA-000328
21/08/2025 00:00|22/08/2025 15:50|22/08/2025 16:57|Dir.2|Empresa 3|Reg 9|0|0|1|0|SIM-LINHA-000329
22/08/2025 00:00|23/08/2025 16:51|23/08/2025 17:26|Dir.2|Empresa 3|Reg 9|1|1|0|0|SIM-LINHA-000330
23/08/2025 00:00|24/08/2025 16:02|24/08/2025 17:21|Dir.2|Empresa 3|Reg 9|0|1|0|0|SIM-LINHA-000331
25/08/2025 00:00|25/08/2025 16:07|25/08/2025 17:00|Dir.2|Empresa 3|Reg 9|0|1|1|0|SIM-LINHA-000332
25/08/2025 00:00|26/08/2025 14:51|26/08/2025 15:22|Dir.2|Empresa 3|Reg 9|0|0|0|0|SIM-LINHA-000333
26/08/2025 00:00|27/08/2025 16:16|27/08/2025 18:15|Dir.2|Empresa 3|Reg 9|1|1|1|1|SIM-LINHA-000334
27/08/2025 00:00|28/08/2025 15:16|28/08/2025 15:18|Dir.2|Empresa 3|Reg 9|0|0|0|0|SIM-LINHA-000335
28/08/2025 00:00|29/08/2025 17:09|29/08/2025 17:11|Dir.2|Empresa 3|Reg 9|0|0|0|0|SIM-LINHA-000336
29/08/2025 00:00|30/08/2025 15:48|30/08/2025 17:46|Dir.2|Empresa 3|Reg 9|0|1|1|0|SIM-LINHA-000337
30/08/2025 00:00|31/08/2025 16:03|31/08/2025 16:24|Dir.2|Empresa 3|Reg 9|0|0|1|0|SIM-LINHA-000338
20/08/2025 00:00|01/09/2025 17:05|01/09/2025 17:59|Dir.2|Empresa 3|Reg 9|1|1|1|1|SIM-LINHA-000339
01/09/2025 00:00|02/09/2025 15:40|02/09/2025 17:18|Dir.2|Empresa 3|Reg 9|1|0|1|0|SIM-LINHA-000340
02/09/2025 00:00|03/09/2025 16:56|03/09/2025 17:17|Dir.2|Empresa 3|Reg 9|1|1|0|0|SIM-LINHA-000341
03/09/2025 00:00|04/09/2025 15:02|04/09/2025 16:48|Dir.2|Empresa 3|Reg 9|0|0|1|0|SIM-LINHA-000342
04/09/2025 00:00|05/09/2025 15:00|05/09/2025 15:07|Dir.2|Empresa 3|Reg 9|0|0|1|0|SIM-LINHA-000343
05/09/2025 00:00|06/09/2025 15:01|06/09/2025 16:28|Dir.2|Empresa 3|Reg 9|0|0|1|0|SIM-LINHA-000344
03/09/2025 00:00|07/09/2025 14:32|07/09/2025 15:13|Dir.2|Empresa 3|Reg 9|0|0|1|0|SIM-LINHA-000345
07/09/2025 00:00|08/09/2025 16:25|08/09/2025 17:12|Dir.2|Empresa 3|Reg 9|0|1|0|0|SIM-LINHA-000346
08/09/2025 00:00|09/09/2025 16:24|09/09/2025 17:46|Dir.2|Empresa 3|Reg 9|0|1|0|0|SIM-LINHA-000347
09/09/2025 00:00|10/09/2025 14:45|10/09/2025 16:38|Dir.2|Empresa 3|Reg 9|0|0|0|0|SIM-LINHA-000348
10/09/2025 00:00|11/09/2025 16:35|11/09/2025 16:42|Dir.2|Empresa 3|Reg 9|1|0|1|0|SIM-LINHA-000349
11/09/2025 00:00|12/09/2025 16:40|12/09/2025 17:59|Dir.2|Empresa 3|Reg 9|0|0|1|0|SIM-LINHA-000350
12/09/2025 00:00|13/09/2025 16:30|13/09/2025 17:32|Dir.2|Empresa 3|Reg 9|1|0|1|0|SIM-LINHA-000351
03/09/2025 00:00|14/09/2025 16:24|14/09/2025 17:55|Dir.2|Empresa 3|Reg 9|1|1|1|1|SIM-LINHA-000352
09/09/2025 00:00|15/09/2025 16:16|15/09/2025 17:13|Dir.2|Empresa 3|Reg 9|0|1|1|0|SIM-LINHA-000353
15/09/2025 00:00|16/09/2025 14:51|16/09/2025 15:50|Dir.2|Empresa 3|Reg 9|1|1|1|1|SIM-LINHA-000354
16/09/2025 00:00|17/09/2025 14:32|17/09/2025 15:37|Dir.2|Empresa 3|Reg 9|1|1|1|1|SIM-LINHA-000355
16/09/2025 00:00|18/09/2025 14:27|18/09/2025 15:47|Dir.2|Empresa 3|Reg 9|0|1|0|0|SIM-LINHA-000356
18/09/2025 00:00|19/09/2025 15:44|19/09/2025 17:09|Dir.2|Empresa 3|Reg 9|0|1|0|0|SIM-LINHA-000357
19/09/2025 00:00|20/09/2025 16:22|20/09/2025 17:14|Dir.2|Empresa 3|Reg 9|0|1|1|0|SIM-LINHA-000358
20/09/2025 00:00|21/09/2025 17:01|21/09/2025 17:23|Dir.2|Empresa 3|Reg 9|1|0|1|0|SIM-LINHA-000359
22/09/2025 00:00|22/09/2025 16:32|22/09/2025 17:34|Dir.2|Empresa 3|Reg 9|1|1|0|0|SIM-LINHA-000360
22/09/2025 00:00|23/09/2025 15:49|23/09/2025 16:44|Dir.2|Empresa 3|Reg 9|0|0|0|0|SIM-LINHA-000361
23/09/2025 00:00|24/09/2025 17:01|24/09/2025 17:40|Dir.2|Empresa 3|Reg 9|1|0|1|0|SIM-LINHA-000362
24/09/2025 00:00|25/09/2025 16:47|25/09/2025 16:52|Dir.2|Empresa 3|Reg 9|1|1|0|0|SIM-LINHA-000363
25/09/2025 00:00|26/09/2025 17:08|26/09/2025 18:10|Dir.2|Empresa 3|Reg 9|0|0|1|0|SIM-LINHA-000364
24/09/2025 00:00|27/09/2025 16:46|27/09/2025 17:37|Dir.2|Empresa 3|Reg 9|0|0|1|0|SIM-LINHA-000365
16/09/2025 00:00|28/09/2025 14:25|28/09/2025 15:29|Dir.2|Empresa 3|Reg 9|0|1|1|0|SIM-LINHA-000366
29/09/2025 00:00|29/09/2025 14:56|29/09/2025 15:08|Dir.2|Empresa 3|Reg 9|1|1|1|1|SIM-LINHA-000367
29/09/2025 00:00|30/09/2025 17:08|30/09/2025 18:56|Dir.2|Empresa 3|Reg 9|0|0|1|0|SIM-LINHA-000368
30/09/2025 00:00|01/10/2025 14:53|01/10/2025 16:32|Dir.2|Empresa 3|Reg 9|1|1|0|0|SIM-LINHA-000369
01/07/2025 00:00|02/07/2025 14:25|02/07/2025 15:42|Dir.2|Empresa 2|Reg 8|0|1|0|0|SIM-LINHA-000370
02/07/2025 00:00|03/07/2025 16:58|03/07/2025 17:15|Dir.2|Empresa 2|Reg 8|0|0|1|0|SIM-LINHA-000371
03/07/2025 00:00|04/07/2025 16:18|04/07/2025 16:40|Dir.2|Empresa 2|Reg 8|1|1|1|1|SIM-LINHA-000372
04/07/2025 00:00|05/07/2025 15:40|05/07/2025 16:05|Dir.2|Empresa 2|Reg 8|0|1|0|0|SIM-LINHA-000373
05/07/2025 00:00|06/07/2025 17:24|06/07/2025 19:08|Dir.2|Empresa 2|Reg 8|0|1|1|0|SIM-LINHA-000374
01/07/2025 00:00|07/07/2025 15:02|07/07/2025 15:45|Dir.2|Empresa 2|Reg 8|0|1|1|0|SIM-LINHA-000375
07/07/2025 00:00|08/07/2025 14:55|08/07/2025 16:08|Dir.2|Empresa 2|Reg 8|0|1|1|0|SIM-LINHA-000376
08/07/2025 00:00|09/07/2025 15:44|09/07/2025 16:16|Dir.2|Empresa 2|Reg 8|0|1|0|0|SIM-LINHA-000377
09/07/2025 00:00|10/07/2025 14:26|10/07/2025 15:32|Dir.2|Empresa 2|Reg 8|0|0|1|0|SIM-LINHA-000378
10/07/2025 00:00|11/07/2025 14:46|11/07/2025 15:05|Dir.2|Empresa 2|Reg 8|0|1|0|0|SIM-LINHA-000379
11/07/2025 00:00|12/07/2025 15:33|12/07/2025 17:33|Dir.2|Empresa 2|Reg 8|0|0|0|0|SIM-LINHA-000380
02/07/2025 00:00|13/07/2025 15:39|13/07/2025 17:30|Dir.2|Empresa 2|Reg 8|0|1|1|0|SIM-LINHA-000381
13/07/2025 00:00|14/07/2025 15:06|14/07/2025 15:56|Dir.2|Empresa 2|Reg 8|1|0|0|0|SIM-LINHA-000382
14/07/2025 00:00|15/07/2025 14:58|15/07/2025 16:49|Dir.2|Empresa 2|Reg 8|0|0|1|0|SIM-LINHA-000383
15/07/2025 00:00|16/07/2025 14:34|16/07/2025 16:33|Dir.2|Empresa 2|Reg 8|0|1|1|0|SIM-LINHA-000384
16/07/2025 00:00|17/07/2025 14:59|17/07/2025 15:27|Dir.2|Empresa 2|Reg 8|1|1|0|0|SIM-LINHA-000385
17/07/2025 00:00|18/07/2025 17:17|18/07/2025 18:36|Dir.2|Empresa 2|Reg 8|0|0|0|0|SIM-LINHA-000386
18/07/2025 00:00|19/07/2025 14:37|19/07/2025 14:51|Dir.2|Empresa 2|Reg 8|0|0|1|0|SIM-LINHA-000387
19/07/2025 00:00|20/07/2025 15:22|20/07/2025 15:59|Dir.2|Empresa 2|Reg 8|0|0|0|0|SIM-LINHA-000388
15/07/2025 00:00|21/07/2025 15:19|21/07/2025 15:33|Dir.2|Empresa 2|Reg 8|1|1|1|1|SIM-LINHA-000389
21/07/2025 00:00|22/07/2025 16:14|22/07/2025 17:19|Dir.2|Empresa 2|Reg 8|0|0|0|0|SIM-LINHA-000390
22/07/2025 00:00|23/07/2025 17:08|23/07/2025 19:02|Dir.2|Empresa 2|Reg 8|0|1|1|0|SIM-LINHA-000391
23/07/2025 00:00|24/07/2025 15:55|24/07/2025 16:16|Dir.2|Empresa 2|Reg 8|0|0|1|0|SIM-LINHA-000392
24/07/2025 00:00|25/07/2025 15:55|25/07/2025 16:11|Dir.2|Empresa 2|Reg 8|0|0|0|0|SIM-LINHA-000393
20/07/2025 00:00|26/07/2025 16:12|26/07/2025 17:32|Dir.2|Empresa 2|Reg 8|0|0|1|0|SIM-LINHA-000394
26/07/2025 00:00|27/07/2025 16:08|27/07/2025 16:20|Dir.2|Empresa 2|Reg 8|0|1|0|0|SIM-LINHA-000395
28/07/2025 00:00|28/07/2025 14:54|28/07/2025 15:00|Dir.2|Empresa 2|Reg 8|0|0|1|0|SIM-LINHA-000396
28/07/2025 00:00|29/07/2025 15:13|29/07/2025 17:09|Dir.2|Empresa 2|Reg 8|0|0|0|0|SIM-LINHA-000397
29/07/2025 00:00|30/07/2025 16:25|30/07/2025 17:09|Dir.2|Empresa 2|Reg 8|0|0|1|0|SIM-LINHA-000398
30/07/2025 00:00|31/07/2025 15:31|31/07/2025 16:51|Dir.2|Empresa 2|Reg 8|0|1|0|0|SIM-LINHA-000399
31/07/2025 00:00|01/08/2025 16:47|01/08/2025 18:28|Dir.2|Empresa 2|Reg 8|0|0|0|0|SIM-LINHA-000400
01/08/2025 00:00|02/08/2025 16:17|02/08/2025 17:41|Dir.2|Empresa 2|Reg 8|1|0|1|0|SIM-LINHA-000401
02/08/2025 00:00|03/08/2025 15:08|03/08/2025 16:35|Dir.2|Empresa 2|Reg 8|0|0|0|0|SIM-LINHA-000402
03/08/2025 00:00|04/08/2025 17:22|04/08/2025 18:11|Dir.2|Empresa 2|Reg 8|0|1|0|0|SIM-LINHA-000403
05/08/2025 00:00|05/08/2025 16:04|05/08/2025 16:18|Dir.2|Empresa 2|Reg 8|0|1|0|0|SIM-LINHA-000404
05/08/2025 00:00|06/08/2025 15:08|06/08/2025 16:14|Dir.2|Empresa 2|Reg 8|0|0|0|0|SIM-LINHA-000405
06/08/2025 00:00|07/08/2025 16:29|07/08/2025 17:39|Dir.2|Empresa 2|Reg 8|0|1|0|0|SIM-LINHA-000406
07/08/2025 00:00|08/08/2025 15:13|08/08/2025 15:44|Dir.2|Empresa 2|Reg 8|0|0|1|0|SIM-LINHA-000407
08/08/2025 00:00|09/08/2025 16:45|09/08/2025 18:37|Dir.2|Empresa 2|Reg 8|0|1|0|0|SIM-LINHA-000408
09/08/2025 00:00|10/08/2025 16:54|10/08/2025 17:47|Dir.2|Empresa 2|Reg 8|0|1|0|0|SIM-LINHA-000409
10/08/2025 00:00|11/08/2025 16:11|11/08/2025 16:50|Dir.2|Empresa 2|Reg 8|0|0|0|0|SIM-LINHA-000410
11/08/2025 00:00|12/08/2025 14:30|12/08/2025 16:30|Dir.2|Empresa 2|Reg 8|1|1|1|1|SIM-LINHA-000411
12/08/2025 00:00|13/08/2025 15:19|13/08/2025 15:41|Dir.2|Empresa 2|Reg 8|0|1|1|0|SIM-LINHA-000412
13/08/2025 00:00|14/08/2025 14:50|14/08/2025 16:00|Dir.2|Empresa 2|Reg 8|0|1|0|0|SIM-LINHA-000413
14/08/2025 00:00|15/08/2025 15:26|15/08/2025 17:14|Dir.2|Empresa 2|Reg 8|0|0|0|0|SIM-LINHA-000414
15/08/2025 00:00|16/08/2025 16:13|16/08/2025 17:50|Dir.2|Empresa 2|Reg 8|0|1|0|0|SIM-LINHA-000415
16/08/2025 00:00|17/08/2025 16:12|17/08/2025 17:26|Dir.2|Empresa 2|Reg 8|0|0|0|0|SIM-LINHA-000416
15/08/2025 00:00|18/08/2025 15:53|18/08/2025 16:04|Dir.2|Empresa 2|Reg 8|0|0|1|0|SIM-LINHA-000417
18/08/2025 00:00|19/08/2025 17:02|19/08/2025 18:38|Dir.2|Empresa 2|Reg 8|0|0|1|0|SIM-LINHA-000418
19/08/2025 00:00|20/08/2025 15:39|20/08/2025 17:30|Dir.2|Empresa 2|Reg 8|0|0|0|0|SIM-LINHA-000419
20/08/2025 00:00|21/08/2025 14:46|21/08/2025 16:12|Dir.2|Empresa 2|Reg 8|0|0|0|0|SIM-LINHA-000420
21/08/2025 00:00|22/08/2025 14:54|22/08/2025 15:08|Dir.2|Empresa 2|Reg 8|1|1|0|0|SIM-LINHA-000421
22/08/2025 00:00|23/08/2025 14:46|23/08/2025 16:01|Dir.2|Empresa 2|Reg 8|0|1|0|0|SIM-LINHA-000422
23/08/2025 00:00|24/08/2025 15:34|24/08/2025 17:21|Dir.2|Empresa 2|Reg 8|0|1|0|0|SIM-LINHA-000423
20/08/2025 00:00|25/08/2025 17:00|25/08/2025 17:16|Dir.2|Empresa 2|Reg 8|0|0|1|0|SIM-LINHA-000424
25/08/2025 00:00|26/08/2025 15:50|26/08/2025 17:29|Dir.2|Empresa 2|Reg 8|0|0|1|0|SIM-LINHA-000425
26/08/2025 00:00|27/08/2025 16:00|27/08/2025 17:28|Dir.2|Empresa 2|Reg 8|1|0|1|0|SIM-LINHA-000426
18/08/2025 00:00|28/08/2025 14:50|28/08/2025 15:09|Dir.2|Empresa 2|Reg 8|1|0|1|0|SIM-LINHA-000427
28/08/2025 00:00|29/08/2025 16:24|29/08/2025 17:45|Dir.2|Empresa 2|Reg 8|0|1|1|0|SIM-LINHA-000428
19/08/2025 00:00|30/08/2025 14:40|30/08/2025 15:43|Dir.2|Empresa 2|Reg 8|1|1|1|1|SIM-LINHA-000429
25/08/2025 00:00|31/08/2025 16:10|31/08/2025 17:47|Dir.2|Empresa 2|Reg 8|0|1|1|0|SIM-LINHA-000430
31/08/2025 00:00|01/09/2025 15:28|01/09/2025 15:37|Dir.2|Empresa 2|Reg 8|0|0|0|0|SIM-LINHA-000431
01/09/2025 00:00|02/09/2025 16:36|02/09/2025 18:09|Dir.2|Empresa 2|Reg 8|1|1|0|0|SIM-LINHA-000432
02/09/2025 00:00|03/09/2025 15:20|03/09/2025 16:09|Dir.2|Empresa 2|Reg 8|0|0|1|0|SIM-LINHA-000433
03/09/2025 00:00|04/09/2025 16:58|04/09/2025 17:56|Dir.2|Empresa 2|Reg 8|0|0|1|0|SIM-LINHA-000434
04/09/2025 00:00|05/09/2025 14:53|05/09/2025 15:56|Dir.2|Empresa 2|Reg 8|0|0|0|0|SIM-LINHA-000435
05/09/2025 00:00|06/09/2025 15:30|06/09/2025 15:50|Dir.2|Empresa 2|Reg 8|0|1|0|0|SIM-LINHA-000436
06/09/2025 00:00|07/09/2025 16:15|07/09/2025 17:08|Dir.2|Empresa 2|Reg 8|1|0|1|0|SIM-LINHA-000437
07/09/2025 00:00|08/09/2025 14:43|08/09/2025 15:42|Dir.2|Empresa 2|Reg 8|1|0|0|0|SIM-LINHA-000438
08/09/2025 00:00|09/09/2025 14:32|09/09/2025 14:42|Dir.2|Empresa 2|Reg 8|0|1|1|0|SIM-LINHA-000439
09/09/2025 00:00|10/09/2025 15:43|10/09/2025 16:26|Dir.2|Empresa 2|Reg 8|0|0|1|0|SIM-LINHA-000440
10/09/2025 00:00|11/09/2025 16:59|11/09/2025 17:32|Dir.2|Empresa 2|Reg 8|1|0|0|0|SIM-LINHA-000441
11/09/2025 00:00|12/09/2025 16:13|12/09/2025 17:50|Dir.2|Empresa 2|Reg 8|0|1|1|0|SIM-LINHA-000442
12/09/2025 00:00|13/09/2025 17:16|13/09/2025 18:58|Dir.2|Empresa 2|Reg 8|0|0|0|0|SIM-LINHA-000443
13/09/2025 00:00|14/09/2025 17:14|14/09/2025 19:06|Dir.2|Empresa 2|Reg 8|0|0|0|0|SIM-LINHA-000444
14/09/2025 00:00|15/09/2025 17:22|15/09/2025 18:18|Dir.2|Empresa 2|Reg 8|0|1|1|0|SIM-LINHA-000445
15/09/2025 00:00|16/09/2025 15:27|16/09/2025 17:07|Dir.2|Empresa 2|Reg 8|1|1|0|0|SIM-LINHA-000446
16/09/2025 00:00|17/09/2025 14:26|17/09/2025 16:05|Dir.2|Empresa 2|Reg 8|0|1|0|0|SIM-LINHA-000447
17/09/2025 00:00|18/09/2025 15:56|18/09/2025 17:06|Dir.2|Empresa 2|Reg 8|1|0|0|0|SIM-LINHA-000448
18/09/2025 00:00|19/09/2025 15:45|19/09/2025 17:26|Dir.2|Empresa 2|Reg 8|0|0|0|0|SIM-LINHA-000449
16/09/2025 00:00|20/09/2025 15:48|20/09/2025 16:12|Dir.2|Empresa 2|Reg 8|0|0|1|0|SIM-LINHA-000450
20/09/2025 00:00|21/09/2025 15:09|21/09/2025 16:30|Dir.2|Empresa 2|Reg 8|0|1|1|0|SIM-LINHA-000451
21/09/2025 00:00|22/09/2025 14:29|22/09/2025 16:26|Dir.2|Empresa 2|Reg 8|0|0|0|0|SIM-LINHA-000452
22/09/2025 00:00|23/09/2025 16:09|23/09/2025 17:26|Dir.2|Empresa 2|Reg 8|0|0|0|0|SIM-LINHA-000453
23/09/2025 00:00|24/09/2025 16:33|24/09/2025 18:30|Dir.2|Empresa 2|Reg 8|0|1|1|0|SIM-LINHA-000454
24/09/2025 00:00|25/09/2025 15:13|25/09/2025 16:37|Dir.2|Empresa 2|Reg 8|0|1|1|0|SIM-LINHA-000455
25/09/2025 00:00|26/09/2025 16:34|26/09/2025 17:25|Dir.2|Empresa 2|Reg 8|0|0|0|0|SIM-LINHA-000456
15/09/2025 00:00|27/09/2025 15:53|27/09/2025 16:20|Dir.2|Empresa 2|Reg 8|1|1|1|1|SIM-LINHA-000457
27/09/2025 00:00|28/09/2025 14:36|28/09/2025 14:43|Dir.2|Empresa 2|Reg 8|0|0|0|0|SIM-LINHA-000458
27/09/2025 00:00|29/09/2025 16:11|29/09/2025 17:18|Dir.2|Empresa 2|Reg 8|1|0|0|0|SIM-LINHA-000459
29/09/2025 00:00|30/09/2025 14:27|30/09/2025 16:02|Dir.2|Empresa 2|Reg 8|0|1|1|0|SIM-LINHA-000460
30/09/2025 00:00|01/10/2025 16:29|01/10/2025 17:38|Dir.2|Empresa 2|Reg 8|1|0|1|0|SIM-LINHA-000461
01/07/2025 00:00|02/07/2025 15:07|02/07/2025 15:54|Dir.2|Empresa 2|Reg 7|0|0|0|0|SIM-LINHA-000462
02/07/2025 00:00|03/07/2025 15:43|03/07/2025 17:36|Dir.2|Empresa 2|Reg 7|1|1|1|1|SIM-LINHA-000463
03/07/2025 00:00|04/07/2025 17:22|04/07/2025 17:51|Dir.2|Empresa 2|Reg 7|0|0|1|0|SIM-LINHA-000464
04/07/2025 00:00|05/07/2025 14:40|05/07/2025 16:13|Dir.2|Empresa 2|Reg 7|0|1|1|0|SIM-LINHA-000465
05/07/2025 00:00|06/07/2025 15:58|06/07/2025 17:11|Dir.2|Empresa 2|Reg 7|0|0|1|0|SIM-LINHA-000466
03/07/2025 00:00|07/07/2025 15:44|07/07/2025 17:07|Dir.2|Empresa 2|Reg 7|1|1|0|0|SIM-LINHA-000467
07/07/2025 00:00|08/07/2025 15:28|08/07/2025 16:53|Dir.2|Empresa 2|Reg 7|0|0|1|0|SIM-LINHA-000468
08/07/2025 00:00|09/07/2025 16:40|09/07/2025 17:07|Dir.2|Empresa 2|Reg 7|0|1|1|0|SIM-LINHA-000469
09/07/2025 00:00|10/07/2025 15:20|10/07/2025 15:35|Dir.2|Empresa 2|Reg 7|0|0|0|0|SIM-LINHA-000470
10/07/2025 00:00|11/07/2025 16:16|11/07/2025 16:59|Dir.2|Empresa 2|Reg 7|0|0|1|0|SIM-LINHA-000471
11/07/2025 00:00|12/07/2025 16:21|12/07/2025 17:57|Dir.2|Empresa 2|Reg 7|1|0|0|0|SIM-LINHA-000472
12/07/2025 00:00|13/07/2025 16:08|13/07/2025 16:42|Dir.2|Empresa 2|Reg 7|0|0|0|0|SIM-LINHA-000473
08/07/2025 00:00|14/07/2025 16:09|14/07/2025 17:12|Dir.2|Empresa 2|Reg 7|0|1|1|0|SIM-LINHA-000474
14/07/2025 00:00|15/07/2025 16:22|15/07/2025 17:21|Dir.2|Empresa 2|Reg 7|0|0|0|0|SIM-LINHA-000475
15/07/2025 00:00|16/07/2025 17:17|16/07/2025 17:23|Dir.2|Empresa 2|Reg 7|0|1|1|0|SIM-LINHA-000476
16/07/2025 00:00|17/07/2025 16:47|17/07/2025 18:13|Dir.2|Empresa 2|Reg 7|0|1|0|0|SIM-LINHA-000477
17/07/2025 00:00|18/07/2025 17:22|18/07/2025 17:46|Dir.2|Empresa 2|Reg 7|0|0|1|0|SIM-LINHA-000478
18/07/2025 00:00|19/07/2025 14:53|19/07/2025 15:40|Dir.2|Empresa 2|Reg 7|0|1|0|0|SIM-LINHA-000479
19/07/2025 00:00|20/07/2025 16:47|20/07/2025 17:25|Dir.2|Empresa 2|Reg 7|0|0|1|0|SIM-LINHA-000480
20/07/2025 00:00|21/07/2025 16:03|21/07/2025 16:27|Dir.2|Empresa 2|Reg 7|0|0|0|0|SIM-LINHA-000481
21/07/2025 00:00|22/07/2025 15:15|22/07/2025 16:57|Dir.2|Empresa 2|Reg 7|1|1|0|0|SIM-LINHA-000482
22/07/2025 00:00|23/07/2025 16:32|23/07/2025 18:06|Dir.2|Empresa 2|Reg 7|0|0|1|0|SIM-LINHA-000483
23/07/2025 00:00|24/07/2025 14:54|24/07/2025 15:16|Dir.2|Empresa 2|Reg 7|0|0|0|0|SIM-LINHA-000484
24/07/2025 00:00|25/07/2025 16:15|25/07/2025 18:01|Dir.2|Empresa 2|Reg 7|0|0|1|0|SIM-LINHA-000485
25/07/2025 00:00|26/07/2025 14:45|26/07/2025 16:37|Dir.2|Empresa 2|Reg 7|1|0|1|0|SIM-LINHA-000486
24/07/2025 00:00|27/07/2025 17:22|27/07/2025 17:24|Dir.2|Empresa 2|Reg 7|1|1|0|0|SIM-LINHA-000487
27/07/2025 00:00|28/07/2025 17:20|28/07/2025 18:35|Dir.2|Empresa 2|Reg 7|0|1|0|0|SIM-LINHA-000488
28/07/2025 00:00|29/07/2025 16:01|29/07/2025 18:00|Dir.2|Empresa 2|Reg 7|0|0|0|0|SIM-LINHA-000489
29/07/2025 00:00|30/07/2025 17:03|30/07/2025 18:18|Dir.2|Empresa 2|Reg 7|0|0|0|0|SIM-LINHA-000490
30/07/2025 00:00|31/07/2025 14:31|31/07/2025 15:52|Dir.2|Empresa 2|Reg 7|0|1|1|0|SIM-LINHA-000491
31/07/2025 00:00|01/08/2025 15:08|01/08/2025 15:25|Dir.2|Empresa 2|Reg 7|1|0|0|0|SIM-LINHA-000492
01/08/2025 00:00|02/08/2025 15:54|02/08/2025 16:46|Dir.2|Empresa 2|Reg 7|0|1|1|0|SIM-LINHA-000493
02/08/2025 00:00|03/08/2025 15:52|03/08/2025 16:32|Dir.2|Empresa 2|Reg 7|1|1|1|1|SIM-LINHA-000494
03/08/2025 00:00|04/08/2025 17:11|04/08/2025 19:11|Dir.2|Empresa 2|Reg 7|1|1|1|1|SIM-LINHA-000495
05/08/2025 00:00|05/08/2025 15:58|05/08/2025 17:20|Dir.2|Empresa 2|Reg 7|0|0|1|0|SIM-LINHA-000496
05/08/2025 00:00|06/08/2025 16:13|06/08/2025 17:54|Dir.2|Empresa 2|Reg 7|1|1|0|0|SIM-LINHA-000497
06/08/2025 00:00|07/08/2025 15:06|07/08/2025 16:39|Dir.2|Empresa 2|Reg 7|1|0|0|0|SIM-LINHA-000498
07/08/2025 00:00|08/08/2025 15:08|08/08/2025 16:02|Dir.2|Empresa 2|Reg 7|0|0|1|0|SIM-LINHA-000499
08/08/2025 00:00|09/08/2025 15:34|09/08/2025 16:37|Dir.2|Empresa 2|Reg 7|0|0|1|0|SIM-LINHA-000500
09/08/2025 00:00|10/08/2025 15:25|10/08/2025 17:20|Dir.2|Empresa 2|Reg 7|0|0|0|0|SIM-LINHA-000501
07/08/2025 00:00|11/08/2025 15:53|11/08/2025 16:02|Dir.2|Empresa 2|Reg 7|0|1|1|0|SIM-LINHA-000502
11/08/2025 00:00|12/08/2025 15:18|12/08/2025 16:19|Dir.2|Empresa 2|Reg 7|0|0|0|0|SIM-LINHA-000503
12/08/2025 00:00|13/08/2025 15:52|13/08/2025 17:02|Dir.2|Empresa 2|Reg 7|0|0|0|0|SIM-LINHA-000504
13/08/2025 00:00|14/08/2025 16:37|14/08/2025 18:22|Dir.2|Empresa 2|Reg 7|1|0|1|0|SIM-LINHA-000505
14/08/2025 00:00|15/08/2025 16:04|15/08/2025 16:32|Dir.2|Empresa 2|Reg 7|0|0|0|0|SIM-LINHA-000506
15/08/2025 00:00|16/08/2025 15:23|16/08/2025 16:36|Dir.2|Empresa 2|Reg 7|1|0|1|0|SIM-LINHA-000507
16/08/2025 00:00|17/08/2025 15:28|17/08/2025 17:27|Dir.2|Empresa 2|Reg 7|1|1|1|1|SIM-LINHA-000508
08/08/2025 00:00|18/08/2025 15:41|18/08/2025 16:48|Dir.2|Empresa 2|Reg 7|0|0|1|0|SIM-LINHA-000509
18/08/2025 00:00|19/08/2025 15:10|19/08/2025 15:46|Dir.2|Empresa 2|Reg 7|0|1|1|0|SIM-LINHA-000510
19/08/2025 00:00|20/08/2025 16:20|20/08/2025 16:45|Dir.2|Empresa 2|Reg 7|0|1|0|0|SIM-LINHA-000511
20/08/2025 00:00|21/08/2025 15:59|21/08/2025 16:34|Dir.2|Empresa 2|Reg 7|1|0|1|0|SIM-LINHA-000512
21/08/2025 00:00|22/08/2025 16:38|22/08/2025 17:18|Dir.2|Empresa 2|Reg 7|0|1|0|0|SIM-LINHA-000513
22/08/2025 00:00|23/08/2025 16:07|23/08/2025 16:52|Dir.2|Empresa 2|Reg 7|0|0|0|0|SIM-LINHA-000514
21/08/2025 00:00|24/08/2025 17:17|24/08/2025 18:57|Dir.2|Empresa 2|Reg 7|1|1|1|1|SIM-LINHA-000515
18/08/2025 00:00|25/08/2025 16:31|25/08/2025 17:21|Dir.2|Empresa 2|Reg 7|1|1|1|1|SIM-LINHA-000516
25/08/2025 00:00|26/08/2025 14:57|26/08/2025 15:46|Dir.2|Empresa 2|Reg 7|1|0|0|0|SIM-LINHA-000517
26/08/2025 00:00|27/08/2025 16:53|27/08/2025 18:16|Dir.2|Empresa 2|Reg 7|0|1|1|0|SIM-LINHA-000518
27/08/2025 00:00|28/08/2025 15:48|28/08/2025 17:04|Dir.2|Empresa 2|Reg 7|1|0|1|0|SIM-LINHA-000519
27/08/2025 00:00|29/08/2025 14:26|29/08/2025 15:20|Dir.2|Empresa 2|Reg 7|0|0|1|0|SIM-LINHA-000520
15/08/2025 00:00|30/08/2025 14:42|30/08/2025 15:50|Dir.2|Empresa 2|Reg 7|1|0|0|0|SIM-LINHA-000521
30/08/2025 00:00|31/08/2025 15:59|31/08/2025 16:49|Dir.2|Empresa 2|Reg 7|1|0|0|0|SIM-LINHA-000522
27/08/2025 00:00|01/09/2025 16:02|01/09/2025 16:20|Dir.2|Empresa 2|Reg 7|1|0|1|0|SIM-LINHA-000523
01/09/2025 00:00|02/09/2025 14:42|02/09/2025 15:56|Dir.2|Empresa 2|Reg 7|1|0|0|0|SIM-LINHA-000524
02/09/2025 00:00|03/09/2025 15:58|03/09/2025 17:52|Dir.2|Empresa 2|Reg 7|1|1|0|0|SIM-LINHA-000525
03/09/2025 00:00|04/09/2025 14:34|04/09/2025 15:32|Dir.2|Empresa 2|Reg 7|0|1|1|0|SIM-LINHA-000526
04/09/2025 00:00|05/09/2025 15:06|05/09/2025 16:38|Dir.2|Empresa 2|Reg 7|1|0|1|0|SIM-LINHA-000527
05/09/2025 00:00|06/09/2025 15:24|06/09/2025 15:30|Dir.2|Empresa 2|Reg 7|0|1|0|0|SIM-LINHA-000528
06/09/2025 00:00|07/09/2025 16:18|07/09/2025 16:28|Dir.2|Empresa 2|Reg 7|0|1|1|0|SIM-LINHA-000529
01/09/2025 00:00|08/09/2025 17:19|08/09/2025 18:41|Dir.2|Empresa 2|Reg 7|1|0|1|0|SIM-LINHA-000530
08/09/2025 00:00|09/09/2025 15:22|09/09/2025 15:41|Dir.2|Empresa 2|Reg 7|0|0|0|0|SIM-LINHA-000531
09/09/2025 00:00|10/09/2025 17:08|10/09/2025 18:17|Dir.2|Empresa 2|Reg 7|0|1|1|0|SIM-LINHA-000532
10/09/2025 00:00|11/09/2025 15:26|11/09/2025 16:00|Dir.2|Empresa 2|Reg 7|0|1|1|0|SIM-LINHA-000533
11/09/2025 00:00|12/09/2025 17:17|12/09/2025 17:56|Dir.2|Empresa 2|Reg 7|0|1|1|0|SIM-LINHA-000534
12/09/2025 00:00|13/09/2025 16:35|13/09/2025 18:07|Dir.2|Empresa 2|Reg 7|1|0|0|0|SIM-LINHA-000535
13/09/2025 00:00|14/09/2025 14:36|14/09/2025 16:11|Dir.2|Empresa 2|Reg 7|0|0|0|0|SIM-LINHA-000536
14/09/2025 00:00|15/09/2025 16:51|15/09/2025 17:26|Dir.2|Empresa 2|Reg 7|0|0|1|0|SIM-LINHA-000537
15/09/2025 00:00|16/09/2025 15:36|16/09/2025 17:12|Dir.2|Empresa 2|Reg 7|0|1|1|0|SIM-LINHA-000538
16/09/2025 00:00|17/09/2025 15:40|17/09/2025 17:31|Dir.2|Empresa 2|Reg 7|0|1|1|0|SIM-LINHA-000539
17/09/2025 00:00|18/09/2025 15:37|18/09/2025 16:48|Dir.2|Empresa 2|Reg 7|0|0|0|0|SIM-LINHA-000540
15/09/2025 00:00|19/09/2025 15:37|19/09/2025 17:22|Dir.2|Empresa 2|Reg 7|1|1|1|1|SIM-LINHA-000541
19/09/2025 00:00|20/09/2025 14:59|20/09/2025 15:36|Dir.2|Empresa 2|Reg 7|0|1|0|0|SIM-LINHA-000542
18/09/2025 00:00|21/09/2025 15:16|21/09/2025 15:37|Dir.2|Empresa 2|Reg 7|0|0|1|0|SIM-LINHA-000543
22/09/2025 00:00|22/09/2025 16:22|22/09/2025 17:59|Dir.2|Empresa 2|Reg 7|0|0|1|0|SIM-LINHA-000544
22/09/2025 00:00|23/09/2025 15:04|23/09/2025 16:56|Dir.2|Empresa 2|Reg 7|1|1|1|1|SIM-LINHA-000545
23/09/2025 00:00|24/09/2025 16:00|24/09/2025 17:51|Dir.2|Empresa 2|Reg 7|0|1|1|0|SIM-LINHA-000546
24/09/2025 00:00|25/09/2025 16:08|25/09/2025 17:20|Dir.2|Empresa 2|Reg 7|0|0|0|0|SIM-LINHA-000547
25/09/2025 00:00|26/09/2025 16:53|26/09/2025 17:32|Dir.2|Empresa 2|Reg 7|0|0|0|0|SIM-LINHA-000548
26/09/2025 00:00|27/09/2025 15:48|27/09/2025 17:20|Dir.2|Empresa 2|Reg 7|0|0|1|0|SIM-LINHA-000549
24/09/2025 00:00|28/09/2025 17:09|28/09/2025 18:15|Dir.2|Empresa 2|Reg 7|0|0|1|0|SIM-LINHA-000550
29/09/2025 00:00|29/09/2025 16:04|29/09/2025 17:02|Dir.2|Empresa 2|Reg 7|1|1|0|0|SIM-LINHA-000551
29/09/2025 00:00|30/09/2025 16:54|30/09/2025 18:31|Dir.2|Empresa 2|Reg 7|0|0|1|0|SIM-LINHA-000552
30/09/2025 00:00|01/10/2025 14:55|01/10/2025 15:20|Dir.2|Empresa 2|Reg 7|0|1|0|0|SIM-LINHA-000553
01/07/2025 00:00|02/07/2025 16:53|02/07/2025 18:34|Dir.1|Empresa 2|Reg 6|1|0|0|0|SIM-LINHA-000554
02/07/2025 00:00|03/07/2025 16:21|03/07/2025 17:09|Dir.1|Empresa 2|Reg 6|1|1|0|0|SIM-LINHA-000555
03/07/2025 00:00|04/07/2025 15:56|04/07/2025 16:06|Dir.1|Empresa 2|Reg 6|0|0|1|0|SIM-LINHA-000556
04/07/2025 00:00|05/07/2025 17:04|05/07/2025 18:21|Dir.1|Empresa 2|Reg 6|0|0|1|0|SIM-LINHA-000557
05/07/2025 00:00|06/07/2025 16:53|06/07/2025 18:19|Dir.1|Empresa 2|Reg 6|1|0|1|0|SIM-LINHA-000558
06/07/2025 00:00|07/07/2025 16:56|07/07/2025 18:00|Dir.1|Empresa 2|Reg 6|0|0|0|0|SIM-LINHA-000559
07/07/2025 00:00|08/07/2025 16:23|08/07/2025 16:59|Dir.1|Empresa 2|Reg 6|0|0|0|0|SIM-LINHA-000560
08/07/2025 00:00|09/07/2025 14:41|09/07/2025 15:21|Dir.1|Empresa 2|Reg 6|0|1|1|0|SIM-LINHA-000561
09/07/2025 00:00|10/07/2025 16:07|10/07/2025 16:52|Dir.1|Empresa 2|Reg 6|0|0|1|0|SIM-LINHA-000562
10/07/2025 00:00|11/07/2025 16:24|11/07/2025 17:10|Dir.1|Empresa 2|Reg 6|0|1|0|0|SIM-LINHA-000563
11/07/2025 00:00|12/07/2025 15:43|12/07/2025 17:02|Dir.1|Empresa 2|Reg 6|0|0|1|0|SIM-LINHA-000564
11/07/2025 00:00|13/07/2025 16:57|13/07/2025 18:08|Dir.1|Empresa 2|Reg 6|0|1|1|0|SIM-LINHA-000565
08/07/2025 00:00|14/07/2025 17:12|14/07/2025 17:39|Dir.1|Empresa 2|Reg 6|1|0|1|0|SIM-LINHA-000566
14/07/2025 00:00|15/07/2025 15:39|15/07/2025 15:53|Dir.1|Empresa 2|Reg 6|0|0|1|0|SIM-LINHA-000567
15/07/2025 00:00|16/07/2025 14:44|16/07/2025 16:28|Dir.1|Empresa 2|Reg 6|0|0|0|0|SIM-LINHA-000568
16/07/2025 00:00|17/07/2025 15:38|17/07/2025 16:34|Dir.1|Empresa 2|Reg 6|0|0|0|0|SIM-LINHA-000569
17/07/2025 00:00|18/07/2025 15:03|18/07/2025 15:55|Dir.1|Empresa 2|Reg 6|0|1|1|0|SIM-LINHA-000570
18/07/2025 00:00|19/07/2025 15:45|19/07/2025 17:23|Dir.1|Empresa 2|Reg 6|0|0|1|0|SIM-LINHA-000571
19/07/2025 00:00|20/07/2025 16:55|20/07/2025 18:06|Dir.1|Empresa 2|Reg 6|0|1|0|0|SIM-LINHA-000572
15/07/2025 00:00|21/07/2025 17:13|21/07/2025 17:32|Dir.1|Empresa 2|Reg 6|1|1|1|1|SIM-LINHA-000573
21/07/2025 00:00|22/07/2025 16:36|22/07/2025 18:13|Dir.1|Empresa 2|Reg 6|1|0|0|0|SIM-LINHA-000574
22/07/2025 00:00|23/07/2025 14:32|23/07/2025 15:08|Dir.1|Empresa 2|Reg 6|0|0|1|0|SIM-LINHA-000575
23/07/2025 00:00|24/07/2025 14:28|24/07/2025 15:09|Dir.1|Empresa 2|Reg 6|0|1|1|0|SIM-LINHA-000576
24/07/2025 00:00|25/07/2025 15:00|25/07/2025 15:18|Dir.1|Empresa 2|Reg 6|0|0|1|0|SIM-LINHA-000577
24/07/2025 00:00|26/07/2025 14:29|26/07/2025 14:31|Dir.1|Empresa 2|Reg 6|1|0|0|0|SIM-LINHA-000578
26/07/2025 00:00|27/07/2025 16:13|27/07/2025 17:20|Dir.1|Empresa 2|Reg 6|0|0|1|0|SIM-LINHA-000579
28/07/2025 00:00|28/07/2025 14:28|28/07/2025 14:40|Dir.1|Empresa 2|Reg 6|0|1|1|0|SIM-LINHA-000580
28/07/2025 00:00|29/07/2025 15:39|29/07/2025 17:07|Dir.1|Empresa 2|Reg 6|0|1|1|0|SIM-LINHA-000581
29/07/2025 00:00|30/07/2025 16:18|30/07/2025 17:27|Dir.1|Empresa 2|Reg 6|1|1|0|0|SIM-LINHA-000582
30/07/2025 00:00|31/07/2025 16:54|31/07/2025 17:57|Dir.1|Empresa 2|Reg 6|0|0|1|0|SIM-LINHA-000583
31/07/2025 00:00|01/08/2025 16:23|01/08/2025 18:14|Dir.1|Empresa 2|Reg 6|0|0|0|0|SIM-LINHA-000584
01/08/2025 00:00|02/08/2025 15:36|02/08/2025 17:02|Dir.1|Empresa 2|Reg 6|0|1|0|0|SIM-LINHA-000585
02/08/2025 00:00|03/08/2025 15:38|03/08/2025 16:21|Dir.1|Empresa 2|Reg 6|0|0|1|0|SIM-LINHA-000586
01/08/2025 00:00|04/08/2025 15:00|04/08/2025 15:35|Dir.1|Empresa 2|Reg 6|1|1|0|0|SIM-LINHA-000587
04/08/2025 00:00|05/08/2025 17:23|05/08/2025 17:35|Dir.1|Empresa 2|Reg 6|0|1|0|0|SIM-LINHA-000588
05/08/2025 00:00|06/08/2025 16:06|06/08/2025 16:28|Dir.1|Empresa 2|Reg 6|0|0|1|0|SIM-LINHA-000589
06/08/2025 00:00|07/08/2025 15:17|07/08/2025 16:06|Dir.1|Empresa 2|Reg 6|0|0|0|0|SIM-LINHA-000590
07/08/2025 00:00|08/08/2025 16:58|08/08/2025 18:25|Dir.1|Empresa 2|Reg 6|0|0|0|0|SIM-LINHA-000591
08/08/2025 00:00|09/08/2025 14:25|09/08/2025 16:08|Dir.1|Empresa 2|Reg 6|0|0|0|0|SIM-LINHA-000592
05/08/2025 00:00|10/08/2025 15:06|10/08/2025 16:07|Dir.1|Empresa 2|Reg 6|1|1|0|0|SIM-LINHA-000593
10/08/2025 00:00|11/08/2025 16:43|11/08/2025 17:57|Dir.1|Empresa 2|Reg 6|0|0|0|0|SIM-LINHA-000594
11/08/2025 00:00|12/08/2025 17:00|12/08/2025 17:01|Dir.1|Empresa 2|Reg 6|0|0|1|0|SIM-LINHA-000595
12/08/2025 00:00|13/08/2025 16:32|13/08/2025 18:27|Dir.1|Empresa 2|Reg 6|1|1|0|0|SIM-LINHA-000596
13/08/2025 00:00|14/08/2025 16:37|14/08/2025 18:26|Dir.1|Empresa 2|Reg 6|0|0|1|0|SIM-LINHA-000597
14/08/2025 00:00|15/08/2025 17:07|15/08/2025 17:27|Dir.1|Empresa 2|Reg 6|0|0|0|0|SIM-LINHA-000598
15/08/2025 00:00|16/08/2025 15:07|16/08/2025 16:55|Dir.1|Empresa 2|Reg 6|0|0|0|0|SIM-LINHA-000599
12/08/2025 00:00|17/08/2025 17:05|17/08/2025 17:14|Dir.1|Empresa 2|Reg 6|1|1|0|0|SIM-LINHA-000600
17/08/2025 00:00|18/08/2025 14:53|18/08/2025 16:25|Dir.1|Empresa 2|Reg 6|0|0|1|0|SIM-LINHA-000601
18/08/2025 00:00|19/08/2025 14:32|19/08/2025 15:26|Dir.1|Empresa 2|Reg 6|0|1|1|0|SIM-LINHA-000602
19/08/2025 00:00|20/08/2025 17:20|20/08/2025 18:44|Dir.1|Empresa 2|Reg 6|0|1|1|0|SIM-LINHA-000603
20/08/2025 00:00|21/08/2025 16:12|21/08/2025 17:25|Dir.1|Empresa 2|Reg 6|0|0|1|0|SIM-LINHA-000604
21/08/2025 00:00|22/08/2025 16:36|22/08/2025 17:21|Dir.1|Empresa 2|Reg 6|0|0|0|0|SIM-LINHA-000605
22/08/2025 00:00|23/08/2025 15:59|23/08/2025 17:04|Dir.1|Empresa 2|Reg 6|0|1|0|0|SIM-LINHA-000606
23/08/2025 00:00|24/08/2025 16:41|24/08/2025 17:22|Dir.1|Empresa 2|Reg 6|1|0|1|0|SIM-LINHA-000607
24/08/2025 00:00|25/08/2025 16:06|25/08/2025 17:12|Dir.1|Empresa 2|Reg 6|0|0|0|0|SIM-LINHA-000608
25/08/2025 00:00|26/08/2025 16:24|26/08/2025 18:12|Dir.1|Empresa 2|Reg 6|0|1|0|0|SIM-LINHA-000609
26/08/2025 00:00|27/08/2025 15:58|27/08/2025 16:42|Dir.1|Empresa 2|Reg 6|0|0|1|0|SIM-LINHA-000610
27/08/2025 00:00|28/08/2025 15:56|28/08/2025 17:27|Dir.1|Empresa 2|Reg 6|0|0|1|0|SIM-LINHA-000611
28/08/2025 00:00|29/08/2025 14:27|29/08/2025 15:45|Dir.1|Empresa 2|Reg 6|0|1|1|0|SIM-LINHA-000612
29/08/2025 00:00|30/08/2025 15:28|30/08/2025 16:31|Dir.1|Empresa 2|Reg 6|0|0|1|0|SIM-LINHA-000613
30/08/2025 00:00|31/08/2025 16:18|31/08/2025 17:41|Dir.1|Empresa 2|Reg 6|0|0|1|0|SIM-LINHA-000614
20/08/2025 00:00|01/09/2025 16:13|01/09/2025 16:26|Dir.1|Empresa 2|Reg 6|0|1|1|0|SIM-LINHA-000615
01/09/2025 00:00|02/09/2025 15:02|02/09/2025 16:58|Dir.1|Empresa 2|Reg 6|0|0|0|0|SIM-LINHA-000616
02/09/2025 00:00|03/09/2025 15:00|03/09/2025 15:31|Dir.1|Empresa 2|Reg 6|1|1|0|0|SIM-LINHA-000617
03/09/2025 00:00|04/09/2025 14:34|04/09/2025 14:54|Dir.1|Empresa 2|Reg 6|0|0|1|0|SIM-LINHA-000618
04/09/2025 00:00|05/09/2025 14:54|05/09/2025 16:43|Dir.1|Empresa 2|Reg 6|0|1|1|0|SIM-LINHA-000619
01/09/2025 00:00|06/09/2025 15:12|06/09/2025 15:44|Dir.1|Empresa 2|Reg 6|1|1|1|1|SIM-LINHA-000620
06/09/2025 00:00|07/09/2025 16:15|07/09/2025 16:33|Dir.1|Empresa 2|Reg 6|0|1|1|0|SIM-LINHA-000621
07/09/2025 00:00|08/09/2025 17:19|08/09/2025 18:48|Dir.1|Empresa 2|Reg 6|0|0|0|0|SIM-LINHA-000622
08/09/2025 00:00|09/09/2025 16:41|09/09/2025 17:35|Dir.1|Empresa 2|Reg 6|0|0|0|0|SIM-LINHA-000623
09/09/2025 00:00|10/09/2025 16:05|10/09/2025 16:09|Dir.1|Empresa 2|Reg 6|1|0|1|0|SIM-LINHA-000624
10/09/2025 00:00|11/09/2025 15:13|11/09/2025 16:56|Dir.1|Empresa 2|Reg 6|1|0|0|0|SIM-LINHA-000625
11/09/2025 00:00|12/09/2025 17:24|12/09/2025 18:37|Dir.1|Empresa 2|Reg 6|0|1|0|0|SIM-LINHA-000626
12/09/2025 00:00|13/09/2025 15:23|13/09/2025 15:52|Dir.1|Empresa 2|Reg 6|0|0|0|0|SIM-LINHA-000627
02/09/2025 00:00|14/09/2025 15:49|14/09/2025 17:03|Dir.1|Empresa 2|Reg 6|1|1|0|0|SIM-LINHA-000628
14/09/2025 00:00|15/09/2025 14:36|15/09/2025 16:31|Dir.1|Empresa 2|Reg 6|0|1|0|0|SIM-LINHA-000629
15/09/2025 00:00|16/09/2025 17:24|16/09/2025 17:55|Dir.1|Empresa 2|Reg 6|0|0|0|0|SIM-LINHA-000630
16/09/2025 00:00|17/09/2025 16:17|17/09/2025 16:19|Dir.1|Empresa 2|Reg 6|0|1|1|0|SIM-LINHA-000631
17/09/2025 00:00|18/09/2025 16:43|18/09/2025 17:30|Dir.1|Empresa 2|Reg 6|1|1|0|0|SIM-LINHA-000632
18/09/2025 00:00|19/09/2025 16:24|19/09/2025 17:09|Dir.1|Empresa 2|Reg 6|0|0|0|0|SIM-LINHA-000633
19/09/2025 00:00|20/09/2025 16:41|20/09/2025 16:54|Dir.1|Empresa 2|Reg 6|0|1|1|0|SIM-LINHA-000634
20/09/2025 00:00|21/09/2025 16:11|21/09/2025 17:23|Dir.1|Empresa 2|Reg 6|0|1|0|0|SIM-LINHA-000635
22/09/2025 00:00|22/09/2025 15:49|22/09/2025 15:54|Dir.1|Empresa 2|Reg 6|1|0|1|0|SIM-LINHA-000636
22/09/2025 00:00|23/09/2025 14:26|23/09/2025 15:11|Dir.1|Empresa 2|Reg 6|0|0|0|0|SIM-LINHA-000637
23/09/2025 00:00|24/09/2025 14:25|24/09/2025 15:16|Dir.1|Empresa 2|Reg 6|0|0|1|0|SIM-LINHA-000638
24/09/2025 00:00|25/09/2025 15:57|25/09/2025 16:32|Dir.1|Empresa 2|Reg 6|0|1|0|0|SIM-LINHA-000639
25/09/2025 00:00|26/09/2025 14:32|26/09/2025 16:00|Dir.1|Empresa 2|Reg 6|0|1|1|0|SIM-LINHA-000640
26/09/2025 00:00|27/09/2025 17:14|27/09/2025 18:36|Dir.1|Empresa 2|Reg 6|0|0|0|0|SIM-LINHA-000641
27/09/2025 00:00|28/09/2025 16:56|28/09/2025 18:11|Dir.1|Empresa 2|Reg 6|1|1|0|0|SIM-LINHA-000642
24/09/2025 00:00|29/09/2025 15:44|29/09/2025 16:11|Dir.1|Empresa 2|Reg 6|0|0|1|0|SIM-LINHA-000643
29/09/2025 00:00|30/09/2025 17:15|30/09/2025 18:05|Dir.1|Empresa 2|Reg 6|1|0|1|0|SIM-LINHA-000644
30/09/2025 00:00|01/10/2025 15:07|01/10/2025 15:13|Dir.1|Empresa 2|Reg 6|0|0|1|0|SIM-LINHA-000645
01/07/2025 00:00|02/07/2025 14:39|02/07/2025 15:47|Dir.1|Empresa 2|Reg 5|1|0|0|0|SIM-LINHA-000646
02/07/2025 00:00|03/07/2025 15:06|03/07/2025 16:06|Dir.1|Empresa 2|Reg 5|0|0|0|0|SIM-LINHA-000647
03/07/2025 00:00|04/07/2025 16:26|04/07/2025 18:26|Dir.1|Empresa 2|Reg 5|1|1|1|1|SIM-LINHA-000648
04/07/2025 00:00|05/07/2025 15:16|05/07/2025 17:04|Dir.1|Empresa 2|Reg 5|0|0|1|0|SIM-LINHA-000649
05/07/2025 00:00|06/07/2025 16:07|06/07/2025 16:20|Dir.1|Empresa 2|Reg 5|0|0|0|0|SIM-LINHA-000650
06/07/2025 00:00|07/07/2025 14:51|07/07/2025 15:49|Dir.1|Empresa 2|Reg 5|0|0|1|0|SIM-LINHA-000651
07/07/2025 00:00|08/07/2025 16:04|08/07/2025 17:01|Dir.1|Empresa 2|Reg 5|1|0|0|0|SIM-LINHA-000652
08/07/2025 00:00|09/07/2025 16:20|09/07/2025 18:19|Dir.1|Empresa 2|Reg 5|0|1|1|0|SIM-LINHA-000653
09/07/2025 00:00|10/07/2025 15:38|10/07/2025 16:02|Dir.1|Empresa 2|Reg 5|0|1|1|0|SIM-LINHA-000654
10/07/2025 00:00|11/07/2025 14:36|11/07/2025 16:11|Dir.1|Empresa 2|Reg 5|1|1|0|0|SIM-LINHA-000655
11/07/2025 00:00|12/07/2025 16:33|12/07/2025 17:21|Dir.1|Empresa 2|Reg 5|1|0|1|0|SIM-LINHA-000656
12/07/2025 00:00|13/07/2025 15:46|13/07/2025 16:11|Dir.1|Empresa 2|Reg 5|0|0|1|0|SIM-LINHA-000657
09/07/2025 00:00|14/07/2025 16:59|14/07/2025 17:24|Dir.1|Empresa 2|Reg 5|0|1|1|0|SIM-LINHA-000658
14/07/2025 00:00|15/07/2025 17:07|15/07/2025 18:19|Dir.1|Empresa 2|Reg 5|0|0|0|0|SIM-LINHA-000659
15/07/2025 00:00|16/07/2025 15:24|16/07/2025 17:02|Dir.1|Empresa 2|Reg 5|1|1|0|0|SIM-LINHA-000660
16/07/2025 00:00|17/07/2025 14:47|17/07/2025 16:32|Dir.1|Empresa 2|Reg 5|1|0|0|0|SIM-LINHA-000661
17/07/2025 00:00|18/07/2025 17:08|18/07/2025 17:59|Dir.1|Empresa 2|Reg 5|1|0|1|0|SIM-LINHA-000662
18/07/2025 00:00|19/07/2025 16:39|19/07/2025 18:03|Dir.1|Empresa 2|Reg 5|0|1|1|0|SIM-LINHA-000663
19/07/2025 00:00|20/07/2025 16:05|20/07/2025 16:14|Dir.1|Empresa 2|Reg 5|1|0|0|0|SIM-LINHA-000664
20/07/2025 00:00|21/07/2025 15:51|21/07/2025 16:20|Dir.1|Empresa 2|Reg 5|0|0|1|0|SIM-LINHA-000665
21/07/2025 00:00|22/07/2025 15:18|22/07/2025 17:10|Dir.1|Empresa 2|Reg 5|0|0|0|0|SIM-LINHA-000666
22/07/2025 00:00|23/07/2025 14:33|23/07/2025 15:01|Dir.1|Empresa 2|Reg 5|0|1|1|0|SIM-LINHA-000667
23/07/2025 00:00|24/07/2025 15:04|24/07/2025 15:52|Dir.1|Empresa 2|Reg 5|0|0|0|0|SIM-LINHA-000668
24/07/2025 00:00|25/07/2025 15:57|25/07/2025 16:00|Dir.1|Empresa 2|Reg 5|0|0|0|0|SIM-LINHA-000669
25/07/2025 00:00|26/07/2025 16:47|26/07/2025 17:17|Dir.1|Empresa 2|Reg 5|0|1|0|0|SIM-LINHA-000670
26/07/2025 00:00|27/07/2025 16:26|27/07/2025 16:41|Dir.1|Empresa 2|Reg 5|0|0|1|0|SIM-LINHA-000671
27/07/2025 00:00|28/07/2025 14:38|28/07/2025 15:28|Dir.1|Empresa 2|Reg 5|0|0|0|0|SIM-LINHA-000672
28/07/2025 00:00|29/07/2025 16:00|29/07/2025 16:32|Dir.1|Empresa 2|Reg 5|0|0|1|0|SIM-LINHA-000673
29/07/2025 00:00|30/07/2025 14:37|30/07/2025 14:47|Dir.1|Empresa 2|Reg 5|0|0|1|0|SIM-LINHA-000674
30/07/2025 00:00|31/07/2025 15:24|31/07/2025 16:40|Dir.1|Empresa 2|Reg 5|1|0|0|0|SIM-LINHA-000675
31/07/2025 00:00|01/08/2025 16:13|01/08/2025 16:48|Dir.1|Empresa 2|Reg 5|0|1|0|0|SIM-LINHA-000676
01/08/2025 00:00|02/08/2025 17:09|02/08/2025 17:45|Dir.1|Empresa 2|Reg 5|0|0|0|0|SIM-LINHA-000677
02/08/2025 00:00|03/08/2025 16:35|03/08/2025 18:26|Dir.1|Empresa 2|Reg 5|0|1|1|0|SIM-LINHA-000678
01/08/2025 00:00|04/08/2025 17:14|04/08/2025 18:21|Dir.1|Empresa 2|Reg 5|0|1|1|0|SIM-LINHA-000679
04/08/2025 00:00|05/08/2025 15:45|05/08/2025 15:47|Dir.1|Empresa 2|Reg 5|0|1|1|0|SIM-LINHA-000680
05/08/2025 00:00|06/08/2025 15:48|06/08/2025 16:14|Dir.1|Empresa 2|Reg 5|0|0|0|0|SIM-LINHA-000681
06/08/2025 00:00|07/08/2025 15:40|07/08/2025 17:29|Dir.1|Empresa 2|Reg 5|0|1|1|0|SIM-LINHA-000682
07/08/2025 00:00|08/08/2025 16:30|08/08/2025 17:14|Dir.1|Empresa 2|Reg 5|0|0|1|0|SIM-LINHA-000683
08/08/2025 00:00|09/08/2025 17:12|09/08/2025 18:46|Dir.1|Empresa 2|Reg 5|0|1|0|0|SIM-LINHA-000684
09/08/2025 00:00|10/08/2025 17:13|10/08/2025 19:00|Dir.1|Empresa 2|Reg 5|1|1|0|0|SIM-LINHA-000685
10/08/2025 00:00|11/08/2025 15:28|11/08/2025 16:06|Dir.1|Empresa 2|Reg 5|1|0|0|0|SIM-LINHA-000686
11/08/2025 00:00|12/08/2025 16:58|12/08/2025 17:38|Dir.1|Empresa 2|Reg 5|0|1|1|0|SIM-LINHA-000687
12/08/2025 00:00|13/08/2025 14:29|13/08/2025 15:25|Dir.1|Empresa 2|Reg 5|0|0|1|0|SIM-LINHA-000688
13/08/2025 00:00|14/08/2025 16:20|14/08/2025 17:45|Dir.1|Empresa 2|Reg 5|0|1|1|0|SIM-LINHA-000689
14/08/2025 00:00|15/08/2025 14:49|15/08/2025 15:36|Dir.1|Empresa 2|Reg 5|0|1|0|0|SIM-LINHA-000690
15/08/2025 00:00|16/08/2025 17:01|16/08/2025 17:17|Dir.1|Empresa 2|Reg 5|0|1|0|0|SIM-LINHA-000691
16/08/2025 00:00|17/08/2025 15:11|17/08/2025 15:46|Dir.1|Empresa 2|Reg 5|1|0|0|0|SIM-LINHA-000692
17/08/2025 00:00|18/08/2025 16:23|18/08/2025 17:03|Dir.1|Empresa 2|Reg 5|1|0|0|0|SIM-LINHA-000693
18/08/2025 00:00|19/08/2025 15:35|19/08/2025 16:55|Dir.1|Empresa 2|Reg 5|0|1|1|0|SIM-LINHA-000694
19/08/2025 00:00|20/08/2025 15:47|20/08/2025 15:54|Dir.1|Empresa 2|Reg 5|0|0|0|0|SIM-LINHA-000695
20/08/2025 00:00|21/08/2025 15:25|21/08/2025 16:36|Dir.1|Empresa 2|Reg 5|0|1|0|0|SIM-LINHA-000696
21/08/2025 00:00|22/08/2025 17:09|22/08/2025 17:14|Dir.1|Empresa 2|Reg 5|1|0|0|0|SIM-LINHA-000697
22/08/2025 00:00|23/08/2025 15:40|23/08/2025 16:32|Dir.1|Empresa 2|Reg 5|0|0|1|0|SIM-LINHA-000698
23/08/2025 00:00|24/08/2025 16:23|24/08/2025 16:46|Dir.1|Empresa 2|Reg 5|1|0|0|0|SIM-LINHA-000699
24/08/2025 00:00|25/08/2025 14:55|25/08/2025 16:16|Dir.1|Empresa 2|Reg 5|0|0|1|0|SIM-LINHA-000700
25/08/2025 00:00|26/08/2025 17:12|26/08/2025 17:47|Dir.1|Empresa 2|Reg 5|1|1|0|0|SIM-LINHA-000701
26/08/2025 00:00|27/08/2025 14:25|27/08/2025 14:29|Dir.1|Empresa 2|Reg 5|0|1|1|0|SIM-LINHA-000702
27/08/2025 00:00|28/08/2025 16:23|28/08/2025 18:17|Dir.1|Empresa 2|Reg 5|0|1|1|0|SIM-LINHA-000703
25/08/2025 00:00|29/08/2025 15:58|29/08/2025 16:21|Dir.1|Empresa 2|Reg 5|0|0|1|0|SIM-LINHA-000704
29/08/2025 00:00|30/08/2025 15:27|30/08/2025 17:14|Dir.1|Empresa 2|Reg 5|0|1|0|0|SIM-LINHA-000705
30/08/2025 00:00|31/08/2025 16:36|31/08/2025 16:46|Dir.1|Empresa 2|Reg 5|0|0|0|0|SIM-LINHA-000706
20/08/2025 00:00|01/09/2025 16:29|01/09/2025 17:13|Dir.1|Empresa 2|Reg 5|1|1|1|1|SIM-LINHA-000707
01/09/2025 00:00|02/09/2025 15:04|02/09/2025 16:11|Dir.1|Empresa 2|Reg 5|0|0|0|0|SIM-LINHA-000708
02/09/2025 00:00|03/09/2025 16:44|03/09/2025 17:42|Dir.1|Empresa 2|Reg 5|0|0|0|0|SIM-LINHA-000709
03/09/2025 00:00|04/09/2025 15:36|04/09/2025 17:33|Dir.1|Empresa 2|Reg 5|1|0|0|0|SIM-LINHA-000710
04/09/2025 00:00|05/09/2025 14:35|05/09/2025 15:05|Dir.1|Empresa 2|Reg 5|0|0|0|0|SIM-LINHA-000711
05/09/2025 00:00|06/09/2025 15:49|06/09/2025 15:57|Dir.1|Empresa 2|Reg 5|1|0|1|0|SIM-LINHA-000712
06/09/2025 00:00|07/09/2025 15:29|07/09/2025 16:36|Dir.1|Empresa 2|Reg 5|0|1|0|0|SIM-LINHA-000713
07/09/2025 00:00|08/09/2025 15:57|08/09/2025 16:10|Dir.1|Empresa 2|Reg 5|0|0|1|0|SIM-LINHA-000714
08/09/2025 00:00|09/09/2025 15:23|09/09/2025 16:59|Dir.1|Empresa 2|Reg 5|0|0|0|0|SIM-LINHA-000715
09/09/2025 00:00|10/09/2025 16:49|10/09/2025 17:55|Dir.1|Empresa 2|Reg 5|0|0|1|0|SIM-LINHA-000716
01/09/2025 00:00|11/09/2025 16:52|11/09/2025 17:07|Dir.1|Empresa 2|Reg 5|1|1|1|1|SIM-LINHA-000717
11/09/2025 00:00|12/09/2025 16:31|12/09/2025 17:27|Dir.1|Empresa 2|Reg 5|0|0|0|0|SIM-LINHA-000718
12/09/2025 00:00|13/09/2025 15:02|13/09/2025 15:22|Dir.1|Empresa 2|Reg 5|0|0|0|0|SIM-LINHA-000719
13/09/2025 00:00|14/09/2025 15:33|14/09/2025 16:27|Dir.1|Empresa 2|Reg 5|0|0|1|0|SIM-LINHA-000720
10/09/2025 00:00|15/09/2025 16:11|15/09/2025 16:28|Dir.1|Empresa 2|Reg 5|1|0|1|0|SIM-LINHA-000721
15/09/2025 00:00|16/09/2025 15:38|16/09/2025 17:37|Dir.1|Empresa 2|Reg 5|0|0|0|0|SIM-LINHA-000722
16/09/2025 00:00|17/09/2025 17:20|17/09/2025 17:39|Dir.1|Empresa 2|Reg 5|0|0|1|0|SIM-LINHA-000723
17/09/2025 00:00|18/09/2025 14:38|18/09/2025 15:05|Dir.1|Empresa 2|Reg 5|0|1|1|0|SIM-LINHA-000724
18/09/2025 00:00|19/09/2025 16:29|19/09/2025 16:53|Dir.1|Empresa 2|Reg 5|0|1|0|0|SIM-LINHA-000725
19/09/2025 00:00|20/09/2025 15:35|20/09/2025 17:32|Dir.1|Empresa 2|Reg 5|1|0|1|0|SIM-LINHA-000726
08/09/2025 00:00|21/09/2025 15:19|21/09/2025 16:35|Dir.1|Empresa 2|Reg 5|1|1|1|1|SIM-LINHA-000727
21/09/2025 00:00|22/09/2025 17:05|22/09/2025 17:39|Dir.1|Empresa 2|Reg 5|0|1|0|0|SIM-LINHA-000728
22/09/2025 00:00|23/09/2025 16:04|23/09/2025 17:18|Dir.1|Empresa 2|Reg 5|0|0|0|0|SIM-LINHA-000729
23/09/2025 00:00|24/09/2025 15:49|24/09/2025 16:40|Dir.1|Empresa 2|Reg 5|1|1|0|0|SIM-LINHA-000730
24/09/2025 00:00|25/09/2025 17:00|25/09/2025 17:49|Dir.1|Empresa 2|Reg 5|0|0|0|0|SIM-LINHA-000731
25/09/2025 00:00|26/09/2025 15:16|26/09/2025 15:22|Dir.1|Empresa 2|Reg 5|0|1|1|0|SIM-LINHA-000732
26/09/2025 00:00|27/09/2025 16:40|27/09/2025 17:49|Dir.1|Empresa 2|Reg 5|1|0|0|0|SIM-LINHA-000733
27/09/2025 00:00|28/09/2025 16:01|28/09/2025 16:38|Dir.1|Empresa 2|Reg 5|0|0|0|0|SIM-LINHA-000734
23/09/2025 00:00|29/09/2025 16:50|29/09/2025 16:57|Dir.1|Empresa 2|Reg 5|0|0|1|0|SIM-LINHA-000735
29/09/2025 00:00|30/09/2025 15:00|30/09/2025 16:30|Dir.1|Empresa 2|Reg 5|1|0|0|0|SIM-LINHA-000736
30/09/2025 00:00|01/10/2025 15:36|01/10/2025 15:39|Dir.1|Empresa 2|Reg 5|0|1|0|0|SIM-LINHA-000737
01/07/2025 00:00|02/07/2025 16:30|02/07/2025 16:57|Dir.1|Empresa 3|Reg 4|0|0|0|0|SIM-LINHA-000738
02/07/2025 00:00|03/07/2025 15:04|03/07/2025 16:41|Dir.1|Empresa 3|Reg 4|0|0|0|0|SIM-LINHA-000739
03/07/2025 00:00|04/07/2025 15:39|04/07/2025 15:46|Dir.1|Empresa 3|Reg 4|1|0|1|0|SIM-LINHA-000740
01/07/2025 00:00|05/07/2025 16:35|05/07/2025 17:13|Dir.1|Empresa 3|Reg 4|1|1|1|1|SIM-LINHA-000741
05/07/2025 00:00|06/07/2025 15:13|06/07/2025 15:43|Dir.1|Empresa 3|Reg 4|0|0|1|0|SIM-LINHA-000742
06/07/2025 00:00|07/07/2025 15:41|07/07/2025 15:51|Dir.1|Empresa 3|Reg 4|0|0|0|0|SIM-LINHA-000743
07/07/2025 00:00|08/07/2025 17:13|08/07/2025 17:39|Dir.1|Empresa 3|Reg 4|0|1|1|0|SIM-LINHA-000744
08/07/2025 00:00|09/07/2025 16:16|09/07/2025 17:09|Dir.1|Empresa 3|Reg 4|0|0|0|0|SIM-LINHA-000745
09/07/2025 00:00|10/07/2025 14:34|10/07/2025 15:11|Dir.1|Empresa 3|Reg 4|0|0|0|0|SIM-LINHA-000746
10/07/2025 00:00|11/07/2025 16:15|11/07/2025 16:28|Dir.1|Empresa 3|Reg 4|1|0|1|0|SIM-LINHA-000747
11/07/2025 00:00|12/07/2025 17:24|12/07/2025 18:50|Dir.1|Empresa 3|Reg 4|0|1|1|0|SIM-LINHA-000748
12/07/2025 00:00|13/07/2025 15:17|13/07/2025 16:53|Dir.1|Empresa 3|Reg 4|0|0|1|0|SIM-LINHA-000749
13/07/2025 00:00|14/07/2025 14:30|14/07/2025 14:37|Dir.1|Empresa 3|Reg 4|0|1|1|0|SIM-LINHA-000750
14/07/2025 00:00|15/07/2025 14:54|15/07/2025 15:40|Dir.1|Empresa 3|Reg 4|0|1|1|0|SIM-LINHA-000751
15/07/2025 00:00|16/07/2025 14:34|16/07/2025 15:48|Dir.1|Empresa 3|Reg 4|0|1|0|0|SIM-LINHA-000752
16/07/2025 00:00|17/07/2025 16:54|17/07/2025 17:20|Dir.1|Empresa 3|Reg 4|0|1|0|0|SIM-LINHA-000753
17/07/2025 00:00|18/07/2025 14:54|18/07/2025 15:50|Dir.1|Empresa 3|Reg 4|1|1|1|1|SIM-LINHA-000754
18/07/2025 00:00|19/07/2025 15:11|19/07/2025 16:47|Dir.1|Empresa 3|Reg 4|1|1|0|0|SIM-LINHA-000755
17/07/2025 00:00|20/07/2025 16:09|20/07/2025 16:14|Dir.1|Empresa 3|Reg 4|1|1|1|1|SIM-LINHA-000756
21/07/2025 00:00|21/07/2025 15:15|21/07/2025 16:16|Dir.1|Empresa 3|Reg 4|0|1|1|0|SIM-LINHA-000757
21/07/2025 00:00|22/07/2025 17:16|22/07/2025 19:11|Dir.1|Empresa 3|Reg 4|0|1|0|0|SIM-LINHA-000758
22/07/2025 00:00|23/07/2025 15:09|23/07/2025 17:09|Dir.1|Empresa 3|Reg 4|1|0|1|0|SIM-LINHA-000759
23/07/2025 00:00|24/07/2025 16:11|24/07/2025 16:59|Dir.1|Empresa 3|Reg 4|0|0|0|0|SIM-LINHA-000760
24/07/2025 00:00|25/07/2025 17:23|25/07/2025 18:57|Dir.1|Empresa 3|Reg 4|0|0|0|0|SIM-LINHA-000761
25/07/2025 00:00|26/07/2025 14:49|26/07/2025 15:02|Dir.1|Empresa 3|Reg 4|0|0|1|0|SIM-LINHA-000762
26/07/2025 00:00|27/07/2025 15:51|27/07/2025 17:14|Dir.1|Empresa 3|Reg 4|0|1|0|0|SIM-LINHA-000763
27/07/2025 00:00|28/07/2025 16:42|28/07/2025 18:20|Dir.1|Empresa 3|Reg 4|0|0|0|0|SIM-LINHA-000764
28/07/2025 00:00|29/07/2025 14:28|29/07/2025 15:00|Dir.1|Empresa 3|Reg 4|1|0|0|0|SIM-LINHA-000765
29/07/2025 00:00|30/07/2025 16:59|30/07/2025 18:35|Dir.1|Empresa 3|Reg 4|0|1|1|0|SIM-LINHA-000766
30/07/2025 00:00|31/07/2025 15:05|31/07/2025 17:01|Dir.1|Empresa 3|Reg 4|0|0|0|0|SIM-LINHA-000767
31/07/2025 00:00|01/08/2025 16:22|01/08/2025 16:42|Dir.1|Empresa 3|Reg 4|1|1|0|0|SIM-LINHA-000768
01/08/2025 00:00|02/08/2025 15:46|02/08/2025 16:27|Dir.1|Empresa 3|Reg 4|0|0|1|0|SIM-LINHA-000769
02/08/2025 00:00|03/08/2025 15:17|03/08/2025 15:26|Dir.1|Empresa 3|Reg 4|0|1|0|0|SIM-LINHA-000770
04/08/2025 00:00|04/08/2025 14:38|04/08/2025 16:06|Dir.1|Empresa 3|Reg 4|0|1|1|0|SIM-LINHA-000771
04/08/2025 00:00|05/08/2025 15:42|05/08/2025 17:41|Dir.1|Empresa 3|Reg 4|0|1|0|0|SIM-LINHA-000772
05/08/2025 00:00|06/08/2025 16:41|06/08/2025 17:17|Dir.1|Empresa 3|Reg 4|1|0|1|0|SIM-LINHA-000773
06/08/2025 00:00|07/08/2025 15:18|07/08/2025 16:05|Dir.1|Empresa 3|Reg 4|1|0|1|0|SIM-LINHA-000774
07/08/2025 00:00|08/08/2025 16:29|08/08/2025 18:13|Dir.1|Empresa 3|Reg 4|0|0|1|0|SIM-LINHA-000775
08/08/2025 00:00|09/08/2025 15:58|09/08/2025 16:06|Dir.1|Empresa 3|Reg 4|0|0|0|0|SIM-LINHA-000776
09/08/2025 00:00|10/08/2025 16:41|10/08/2025 18:13|Dir.1|Empresa 3|Reg 4|1|0|0|0|SIM-LINHA-000777
10/08/2025 00:00|11/08/2025 17:24|11/08/2025 18:15|Dir.1|Empresa 3|Reg 4|0|0|0|0|SIM-LINHA-000778
11/08/2025 00:00|12/08/2025 16:48|12/08/2025 17:08|Dir.1|Empresa 3|Reg 4|0|0|0|0|SIM-LINHA-000779
12/08/2025 00:00|13/08/2025 16:38|13/08/2025 17:25|Dir.1|Empresa 3|Reg 4|0|0|1|0|SIM-LINHA-000780
13/08/2025 00:00|14/08/2025 14:49|14/08/2025 16:16|Dir.1|Empresa 3|Reg 4|0|0|0|0|SIM-LINHA-000781
14/08/2025 00:00|15/08/2025 16:47|15/08/2025 16:48|Dir.1|Empresa 3|Reg 4|1|1|1|1|SIM-LINHA-000782
15/08/2025 00:00|16/08/2025 16:34|16/08/2025 17:20|Dir.1|Empresa 3|Reg 4|0|0|1|0|SIM-LINHA-000783
16/08/2025 00:00|17/08/2025 15:51|17/08/2025 17:27|Dir.1|Empresa 3|Reg 4|0|0|0|0|SIM-LINHA-000784
06/08/2025 00:00|18/08/2025 15:13|18/08/2025 16:37|Dir.1|Empresa 3|Reg 4|1|0|1|0|SIM-LINHA-000785
18/08/2025 00:00|19/08/2025 17:17|19/08/2025 18:50|Dir.1|Empresa 3|Reg 4|1|0|0|0|SIM-LINHA-000786
19/08/2025 00:00|20/08/2025 16:57|20/08/2025 17:00|Dir.1|Empresa 3|Reg 4|0|0|1|0|SIM-LINHA-000787
20/08/2025 00:00|21/08/2025 17:14|21/08/2025 17:49|Dir.1|Empresa 3|Reg 4|0|1|0|0|SIM-LINHA-000788
21/08/2025 00:00|22/08/2025 16:36|22/08/2025 17:16|Dir.1|Empresa 3|Reg 4|0|0|1|0|SIM-LINHA-000789
22/08/2025 00:00|23/08/2025 16:46|23/08/2025 17:39|Dir.1|Empresa 3|Reg 4|1|0|0|0|SIM-LINHA-000790
23/08/2025 00:00|24/08/2025 17:22|24/08/2025 17:23|Dir.1|Empresa 3|Reg 4|0|1|0|0|SIM-LINHA-000791
24/08/2025 00:00|25/08/2025 16:10|25/08/2025 17:09|Dir.1|Empresa 3|Reg 4|1|0|1|0|SIM-LINHA-000792
25/08/2025 00:00|26/08/2025 15:06|26/08/2025 15:25|Dir.1|Empresa 3|Reg 4|1|0|1|0|SIM-LINHA-000793
26/08/2025 00:00|27/08/2025 14:50|27/08/2025 15:21|Dir.1|Empresa 3|Reg 4|0|1|1|0|SIM-LINHA-000794
27/08/2025 00:00|28/08/2025 14:54|28/08/2025 15:33|Dir.1|Empresa 3|Reg 4|0|1|0|0|SIM-LINHA-000795
28/08/2025 00:00|29/08/2025 15:00|29/08/2025 16:42|Dir.1|Empresa 3|Reg 4|0|0|1|0|SIM-LINHA-000796
29/08/2025 00:00|30/08/2025 16:25|30/08/2025 17:57|Dir.1|Empresa 3|Reg 4|0|1|1|0|SIM-LINHA-000797
30/08/2025 00:00|31/08/2025 17:10|31/08/2025 18:15|Dir.1|Empresa 3|Reg 4|0|0|1|0|SIM-LINHA-000798
25/08/2025 00:00|01/09/2025 17:20|01/09/2025 17:35|Dir.1|Empresa 3|Reg 4|1|1|0|0|SIM-LINHA-000799
01/09/2025 00:00|02/09/2025 14:35|02/09/2025 15:47|Dir.1|Empresa 3|Reg 4|0|1|1|0|SIM-LINHA-000800
02/09/2025 00:00|03/09/2025 17:11|03/09/2025 17:30|Dir.1|Empresa 3|Reg 4|1|1|1|1|SIM-LINHA-000801
03/09/2025 00:00|04/09/2025 15:22|04/09/2025 15:34|Dir.1|Empresa 3|Reg 4|0|0|1|0|SIM-LINHA-000802
04/09/2025 00:00|05/09/2025 17:11|05/09/2025 18:57|Dir.1|Empresa 3|Reg 4|0|1|0|0|SIM-LINHA-000803
05/09/2025 00:00|06/09/2025 15:03|06/09/2025 16:48|Dir.1|Empresa 3|Reg 4|0|0|1|0|SIM-LINHA-000804
06/09/2025 00:00|07/09/2025 15:16|07/09/2025 17:05|Dir.1|Empresa 3|Reg 4|0|1|0|0|SIM-LINHA-000805
08/09/2025 00:00|08/09/2025 15:35|08/09/2025 15:36|Dir.1|Empresa 3|Reg 4|1|0|1|0|SIM-LINHA-000806
08/09/2025 00:00|09/09/2025 14:48|09/09/2025 15:39|Dir.1|Empresa 3|Reg 4|1|0|1|0|SIM-LINHA-000807
09/09/2025 00:00|10/09/2025 16:41|10/09/2025 17:14|Dir.1|Empresa 3|Reg 4|0|1|1|0|SIM-LINHA-000808
10/09/2025 00:00|11/09/2025 14:40|11/09/2025 16:35|Dir.1|Empresa 3|Reg 4|1|1|0|0|SIM-LINHA-000809
11/09/2025 00:00|12/09/2025 15:52|12/09/2025 17:42|Dir.1|Empresa 3|Reg 4|0|1|1|0|SIM-LINHA-000810
12/09/2025 00:00|13/09/2025 14:44|13/09/2025 16:40|Dir.1|Empresa 3|Reg 4|0|1|0|0|SIM-LINHA-000811
13/09/2025 00:00|14/09/2025 16:49|14/09/2025 17:29|Dir.1|Empresa 3|Reg 4|0|1|1|0|SIM-LINHA-000812
14/09/2025 00:00|15/09/2025 14:59|15/09/2025 16:10|Dir.1|Empresa 3|Reg 4|0|0|1|0|SIM-LINHA-000813
15/09/2025 00:00|16/09/2025 17:22|16/09/2025 18:32|Dir.1|Empresa 3|Reg 4|0|1|1|0|SIM-LINHA-000814
16/09/2025 00:00|17/09/2025 14:30|17/09/2025 16:27|Dir.1|Empresa 3|Reg 4|0|0|1|0|SIM-LINHA-000815
17/09/2025 00:00|18/09/2025 15:11|18/09/2025 15:58|Dir.1|Empresa 3|Reg 4|0|1|1|0|SIM-LINHA-000816
18/09/2025 00:00|19/09/2025 14:45|19/09/2025 16:25|Dir.1|Empresa 3|Reg 4|0|1|0|0|SIM-LINHA-000817
19/09/2025 00:00|20/09/2025 17:18|20/09/2025 17:50|Dir.1|Empresa 3|Reg 4|0|0|1|0|SIM-LINHA-000818
20/09/2025 00:00|21/09/2025 17:12|21/09/2025 18:45|Dir.1|Empresa 3|Reg 4|0|0|0|0|SIM-LINHA-000819
22/09/2025 00:00|22/09/2025 16:42|22/09/2025 17:09|Dir.1|Empresa 3|Reg 4|1|0|1|0|SIM-LINHA-000820
22/09/2025 00:00|23/09/2025 16:40|23/09/2025 18:15|Dir.1|Empresa 3|Reg 4|1|0|0|0|SIM-LINHA-000821
23/09/2025 00:00|24/09/2025 15:16|24/09/2025 16:07|Dir.1|Empresa 3|Reg 4|0|0|0|0|SIM-LINHA-000822
24/09/2025 00:00|25/09/2025 15:33|25/09/2025 16:50|Dir.1|Empresa 3|Reg 4|0|1|0|0|SIM-LINHA-000823
25/09/2025 00:00|26/09/2025 16:08|26/09/2025 16:42|Dir.1|Empresa 3|Reg 4|1|0|0|0|SIM-LINHA-000824
26/09/2025 00:00|27/09/2025 14:43|27/09/2025 16:02|Dir.1|Empresa 3|Reg 4|0|0|1|0|SIM-LINHA-000825
27/09/2025 00:00|28/09/2025 16:51|28/09/2025 17:07|Dir.1|Empresa 3|Reg 4|1|0|0|0|SIM-LINHA-000826
29/09/2025 00:00|29/09/2025 16:38|29/09/2025 16:49|Dir.1|Empresa 3|Reg 4|0|1|1|0|SIM-LINHA-000827
29/09/2025 00:00|30/09/2025 16:57|30/09/2025 17:10|Dir.1|Empresa 3|Reg 4|0|1|1|0|SIM-LINHA-000828
30/09/2025 00:00|01/10/2025 14:33|01/10/2025 16:29|Dir.1|Empresa 3|Reg 4|1|0|1|0|SIM-LINHA-000829
01/07/2025 00:00|02/07/2025 16:26|02/07/2025 16:43|Dir.1|Empresa 2|Reg 3|0|0|0|0|SIM-LINHA-000830
02/07/2025 00:00|03/07/2025 15:38|03/07/2025 16:06|Dir.1|Empresa 2|Reg 3|0|0|1|0|SIM-LINHA-000831
03/07/2025 00:00|04/07/2025 16:11|04/07/2025 18:07|Dir.1|Empresa 2|Reg 3|1|0|0|0|SIM-LINHA-000832
04/07/2025 00:00|05/07/2025 15:21|05/07/2025 17:11|Dir.1|Empresa 2|Reg 3|0|1|0|0|SIM-LINHA-000833
05/07/2025 00:00|06/07/2025 16:03|06/07/2025 17:45|Dir.1|Empresa 2|Reg 3|0|0|0|0|SIM-LINHA-000834
02/07/2025 00:00|07/07/2025 15:06|07/07/2025 16:21|Dir.1|Empresa 2|Reg 3|1|1|1|1|SIM-LINHA-000835
07/07/2025 00:00|08/07/2025 17:04|08/07/2025 17:50|Dir.1|Empresa 2|Reg 3|0|0|1|0|SIM-LINHA-000836
08/07/2025 00:00|09/07/2025 15:47|09/07/2025 15:53|Dir.1|Empresa 2|Reg 3|0|0|0|0|SIM-LINHA-000837
09/07/2025 00:00|10/07/2025 16:14|10/07/2025 17:32|Dir.1|Empresa 2|Reg 3|0|0|0|0|SIM-LINHA-000838
10/07/2025 00:00|11/07/2025 14:58|11/07/2025 15:58|Dir.1|Empresa 2|Reg 3|1|0|0|0|SIM-LINHA-000839
11/07/2025 00:00|12/07/2025 15:57|12/07/2025 17:10|Dir.1|Empresa 2|Reg 3|1|1|1|1|SIM-LINHA-000840
12/07/2025 00:00|13/07/2025 14:41|13/07/2025 15:19|Dir.1|Empresa 2|Reg 3|0|1|1|0|SIM-LINHA-000841
13/07/2025 00:00|14/07/2025 17:14|14/07/2025 17:40|Dir.1|Empresa 2|Reg 3|0|0|1|0|SIM-LINHA-000842
14/07/2025 00:00|15/07/2025 16:18|15/07/2025 16:44|Dir.1|Empresa 2|Reg 3|1|1|1|1|SIM-LINHA-000843
15/07/2025 00:00|16/07/2025 16:36|16/07/2025 17:04|Dir.1|Empresa 2|Reg 3|0|0|1|0|SIM-LINHA-000844
16/07/2025 00:00|17/07/2025 15:30|17/07/2025 16:25|Dir.1|Empresa 2|Reg 3|1|0|0|0|SIM-LINHA-000845
17/07/2025 00:00|18/07/2025 17:03|18/07/2025 18:55|Dir.1|Empresa 2|Reg 3|0|1|1|0|SIM-LINHA-000846
18/07/2025 00:00|19/07/2025 14:28|19/07/2025 14:35|Dir.1|Empresa 2|Reg 3|0|0|0|0|SIM-LINHA-000847
19/07/2025 00:00|20/07/2025 16:24|20/07/2025 17:46|Dir.1|Empresa 2|Reg 3|0|0|1|0|SIM-LINHA-000848
20/07/2025 00:00|21/07/2025 15:17|21/07/2025 17:07|Dir.1|Empresa 2|Reg 3|1|0|0|0|SIM-LINHA-000849
21/07/2025 00:00|22/07/2025 16:21|22/07/2025 18:09|Dir.1|Empresa 2|Reg 3|0|1|0|0|SIM-LINHA-000850
22/07/2025 00:00|23/07/2025 14:53|23/07/2025 15:04|Dir.1|Empresa 2|Reg 3|0|1|1|0|SIM-LINHA-000851
23/07/2025 00:00|24/07/2025 15:21|24/07/2025 15:52|Dir.1|Empresa 2|Reg 3|0|1|1|0|SIM-LINHA-000852
24/07/2025 00:00|25/07/2025 15:40|25/07/2025 17:09|Dir.1|Empresa 2|Reg 3|0|0|1|0|SIM-LINHA-000853
25/07/2025 00:00|26/07/2025 17:23|26/07/2025 19:00|Dir.1|Empresa 2|Reg 3|0|1|1|0|SIM-LINHA-000854
26/07/2025 00:00|27/07/2025 15:47|27/07/2025 15:50|Dir.1|Empresa 2|Reg 3|1|0|0|0|SIM-LINHA-000855
27/07/2025 00:00|28/07/2025 16:02|28/07/2025 16:49|Dir.1|Empresa 2|Reg 3|0|0|1|0|SIM-LINHA-000856
28/07/2025 00:00|29/07/2025 14:31|29/07/2025 16:18|Dir.1|Empresa 2|Reg 3|1|1|1|1|SIM-LINHA-000857
29/07/2025 00:00|30/07/2025 14:38|30/07/2025 14:45|Dir.1|Empresa 2|Reg 3|1|1|1|1|SIM-LINHA-000858
30/07/2025 00:00|31/07/2025 17:01|31/07/2025 17:12|Dir.1|Empresa 2|Reg 3|1|0|0|0|SIM-LINHA-000859
31/07/2025 00:00|01/08/2025 15:55|01/08/2025 17:41|Dir.1|Empresa 2|Reg 3|0|0|1|0|SIM-LINHA-000860
01/08/2025 00:00|02/08/2025 17:03|02/08/2025 17:16|Dir.1|Empresa 2|Reg 3|0|0|0|0|SIM-LINHA-000861
02/08/2025 00:00|03/08/2025 14:47|03/08/2025 14:54|Dir.1|Empresa 2|Reg 3|0|0|1|0|SIM-LINHA-000862
03/08/2025 00:00|04/08/2025 17:09|04/08/2025 18:19|Dir.1|Empresa 2|Reg 3|0|1|0|0|SIM-LINHA-000863
04/08/2025 00:00|05/08/2025 15:13|05/08/2025 15:29|Dir.1|Empresa 2|Reg 3|0|1|1|0|SIM-LINHA-000864
05/08/2025 00:00|06/08/2025 14:46|06/08/2025 16:09|Dir.1|Empresa 2|Reg 3|1|1|0|0|SIM-LINHA-000865
06/08/2025 00:00|07/08/2025 15:55|07/08/2025 16:01|Dir.1|Empresa 2|Reg 3|0|0|0|0|SIM-LINHA-000866
07/08/2025 00:00|08/08/2025 16:56|08/08/2025 17:13|Dir.1|Empresa 2|Reg 3|1|0|1|0|SIM-LINHA-000867
08/08/2025 00:00|09/08/2025 16:35|09/08/2025 16:41|Dir.1|Empresa 2|Reg 3|0|0|0|0|SIM-LINHA-000868
09/08/2025 00:00|10/08/2025 15:08|10/08/2025 16:22|Dir.1|Empresa 2|Reg 3|0|1|1|0|SIM-LINHA-000869
06/08/2025 00:00|11/08/2025 14:51|11/08/2025 15:54|Dir.1|Empresa 2|Reg 3|0|1|1|0|SIM-LINHA-000870
11/08/2025 00:00|12/08/2025 15:27|12/08/2025 16:31|Dir.1|Empresa 2|Reg 3|0|0|0|0|SIM-LINHA-000871
12/08/2025 00:00|13/08/2025 15:53|13/08/2025 16:27|Dir.1|Empresa 2|Reg 3|1|1|0|0|SIM-LINHA-000872
13/08/2025 00:00|14/08/2025 16:02|14/08/2025 17:05|Dir.1|Empresa 2|Reg 3|1|1|0|0|SIM-LINHA-000873
14/08/2025 00:00|15/08/2025 17:20|15/08/2025 17:45|Dir.1|Empresa 2|Reg 3|1|0|0|0|SIM-LINHA-000874
04/08/2025 00:00|16/08/2025 17:21|16/08/2025 17:49|Dir.1|Empresa 2|Reg 3|1|1|1|1|SIM-LINHA-000875
16/08/2025 00:00|17/08/2025 14:40|17/08/2025 15:42|Dir.1|Empresa 2|Reg 3|1|1|1|1|SIM-LINHA-000876
17/08/2025 00:00|18/08/2025 16:46|18/08/2025 18:36|Dir.1|Empresa 2|Reg 3|0|0|1|0|SIM-LINHA-000877
18/08/2025 00:00|19/08/2025 14:53|19/08/2025 15:28|Dir.1|Empresa 2|Reg 3|1|0|1|0|SIM-LINHA-000878
19/08/2025 00:00|20/08/2025 15:34|20/08/2025 17:25|Dir.1|Empresa 2|Reg 3|0|1|0|0|SIM-LINHA-000879
20/08/2025 00:00|21/08/2025 16:36|21/08/2025 17:07|Dir.1|Empresa 2|Reg 3|0|0|1|0|SIM-LINHA-000880
21/08/2025 00:00|22/08/2025 16:48|22/08/2025 18:41|Dir.1|Empresa 2|Reg 3|0|0|1|0|SIM-LINHA-000881
22/08/2025 00:00|23/08/2025 15:56|23/08/2025 17:42|Dir.1|Empresa 2|Reg 3|0|1|1|0|SIM-LINHA-000882
23/08/2025 00:00|24/08/2025 17:15|24/08/2025 17:55|Dir.1|Empresa 2|Reg 3|0|0|1|0|SIM-LINHA-000883
24/08/2025 00:00|25/08/2025 17:22|25/08/2025 18:20|Dir.1|Empresa 2|Reg 3|0|0|0|0|SIM-LINHA-000884
25/08/2025 00:00|26/08/2025 15:36|26/08/2025 16:12|Dir.1|Empresa 2|Reg 3|0|0|0|0|SIM-LINHA-000885
26/08/2025 00:00|27/08/2025 15:30|27/08/2025 16:29|Dir.1|Empresa 2|Reg 3|0|0|1|0|SIM-LINHA-000886
27/08/2025 00:00|28/08/2025 15:58|28/08/2025 16:30|Dir.1|Empresa 2|Reg 3|0|0|0|0|SIM-LINHA-000887
28/08/2025 00:00|29/08/2025 17:11|29/08/2025 18:54|Dir.1|Empresa 2|Reg 3|0|1|0|0|SIM-LINHA-000888
29/08/2025 00:00|30/08/2025 14:33|30/08/2025 15:36|Dir.1|Empresa 2|Reg 3|0|1|0|0|SIM-LINHA-000889
30/08/2025 00:00|31/08/2025 16:15|31/08/2025 17:54|Dir.1|Empresa 2|Reg 3|0|0|1|0|SIM-LINHA-000890
31/08/2025 00:00|01/09/2025 15:00|01/09/2025 16:16|Dir.1|Empresa 2|Reg 3|1|1|0|0|SIM-LINHA-000891
01/09/2025 00:00|02/09/2025 15:17|02/09/2025 16:03|Dir.1|Empresa 2|Reg 3|1|0|1|0|SIM-LINHA-000892
02/09/2025 00:00|03/09/2025 16:12|03/09/2025 18:09|Dir.1|Empresa 2|Reg 3|1|1|1|1|SIM-LINHA-000893
03/09/2025 00:00|04/09/2025 17:23|04/09/2025 17:46|Dir.1|Empresa 2|Reg 3|0|0|1|0|SIM-LINHA-000894
04/09/2025 00:00|05/09/2025 15:30|05/09/2025 16:45|Dir.1|Empresa 2|Reg 3|0|0|1|0|SIM-LINHA-000895
05/09/2025 00:00|06/09/2025 17:13|06/09/2025 17:31|Dir.1|Empresa 2|Reg 3|1|1|0|0|SIM-LINHA-000896
06/09/2025 00:00|07/09/2025 16:33|07/09/2025 16:47|Dir.1|Empresa 2|Reg 3|0|1|0|0|SIM-LINHA-000897
07/09/2025 00:00|08/09/2025 15:59|08/09/2025 17:20|Dir.1|Empresa 2|Reg 3|0|0|0|0|SIM-LINHA-000898
08/09/2025 00:00|09/09/2025 15:33|09/09/2025 17:22|Dir.1|Empresa 2|Reg 3|1|0|0|0|SIM-LINHA-000899
09/09/2025 00:00|10/09/2025 14:27|10/09/2025 16:00|Dir.1|Empresa 2|Reg 3|1|1|1|1|SIM-LINHA-000900
10/09/2025 00:00|11/09/2025 16:55|11/09/2025 17:03|Dir.1|Empresa 2|Reg 3|0|1|1|0|SIM-LINHA-000901
11/09/2025 00:00|12/09/2025 17:17|12/09/2025 17:44|Dir.1|Empresa 2|Reg 3|0|1|0|0|SIM-LINHA-000902
08/09/2025 00:00|13/09/2025 15:43|13/09/2025 15:45|Dir.1|Empresa 2|Reg 3|1|1|1|1|SIM-LINHA-000903
13/09/2025 00:00|14/09/2025 17:03|14/09/2025 18:16|Dir.1|Empresa 2|Reg 3|0|1|1|0|SIM-LINHA-000904
04/09/2025 00:00|15/09/2025 15:41|15/09/2025 16:16|Dir.1|Empresa 2|Reg 3|1|1|1|1|SIM-LINHA-000905
15/09/2025 00:00|16/09/2025 16:56|16/09/2025 18:34|Dir.1|Empresa 2|Reg 3|0|0|1|0|SIM-LINHA-000906
16/09/2025 00:00|17/09/2025 16:52|17/09/2025 17:48|Dir.1|Empresa 2|Reg 3|1|0|0|0|SIM-LINHA-000907
17/09/2025 00:00|18/09/2025 14:44|18/09/2025 16:00|Dir.1|Empresa 2|Reg 3|0|0|0|0|SIM-LINHA-000908
18/09/2025 00:00|19/09/2025 16:58|19/09/2025 17:15|Dir.1|Empresa 2|Reg 3|0|1|0|0|SIM-LINHA-000909
19/09/2025 00:00|20/09/2025 15:07|20/09/2025 15:37|Dir.1|Empresa 2|Reg 3|0|0|1|0|SIM-LINHA-000910
17/09/2025 00:00|21/09/2025 16:18|21/09/2025 17:42|Dir.1|Empresa 2|Reg 3|1|1|1|1|SIM-LINHA-000911
22/09/2025 00:00|22/09/2025 16:49|22/09/2025 17:13|Dir.1|Empresa 2|Reg 3|1|0|0|0|SIM-LINHA-000912
22/09/2025 00:00|23/09/2025 16:08|23/09/2025 17:34|Dir.1|Empresa 2|Reg 3|0|0|1|0|SIM-LINHA-000913
23/09/2025 00:00|24/09/2025 17:24|24/09/2025 17:25|Dir.1|Empresa 2|Reg 3|1|1|1|1|SIM-LINHA-000914
24/09/2025 00:00|25/09/2025 14:44|25/09/2025 15:50|Dir.1|Empresa 2|Reg 3|0|0|0|0|SIM-LINHA-000915
25/09/2025 00:00|26/09/2025 14:35|26/09/2025 16:28|Dir.1|Empresa 2|Reg 3|1|0|1|0|SIM-LINHA-000916
26/09/2025 00:00|27/09/2025 16:16|27/09/2025 17:03|Dir.1|Empresa 2|Reg 3|0|0|0|0|SIM-LINHA-000917
27/09/2025 00:00|28/09/2025 14:37|28/09/2025 14:59|Dir.1|Empresa 2|Reg 3|0|0|0|0|SIM-LINHA-000918
28/09/2025 00:00|29/09/2025 14:33|29/09/2025 15:44|Dir.1|Empresa 2|Reg 3|1|1|1|1|SIM-LINHA-000919
29/09/2025 00:00|30/09/2025 15:54|30/09/2025 16:55|Dir.1|Empresa 2|Reg 3|1|1|0|0|SIM-LINHA-000920
30/09/2025 00:00|01/10/2025 16:26|01/10/2025 18:10|Dir.1|Empresa 2|Reg 3|0|1|0|0|SIM-LINHA-000921
01/07/2025 00:00|02/07/2025 14:36|02/07/2025 15:26|Dir.1|Empresa 1|Reg 2|1|1|0|0|SIM-LINHA-000922
02/07/2025 00:00|03/07/2025 15:17|03/07/2025 16:39|Dir.1|Empresa 1|Reg 2|0|1|0|0|SIM-LINHA-000923
03/07/2025 00:00|04/07/2025 15:40|04/07/2025 16:33|Dir.1|Empresa 1|Reg 2|0|1|0|0|SIM-LINHA-000924
04/07/2025 00:00|05/07/2025 16:34|05/07/2025 17:40|Dir.1|Empresa 1|Reg 2|0|1|1|0|SIM-LINHA-000925
05/07/2025 00:00|06/07/2025 15:07|06/07/2025 15:09|Dir.1|Empresa 1|Reg 2|1|0|0|0|SIM-LINHA-000926
06/07/2025 00:00|07/07/2025 16:58|07/07/2025 18:43|Dir.1|Empresa 1|Reg 2|1|0|0|0|SIM-LINHA-000927
07/07/2025 00:00|08/07/2025 17:01|08/07/2025 18:00|Dir.1|Empresa 1|Reg 2|1|0|0|0|SIM-LINHA-000928
08/07/2025 00:00|09/07/2025 14:47|09/07/2025 16:16|Dir.1|Empresa 1|Reg 2|1|0|0|0|SIM-LINHA-000929
09/07/2025 00:00|10/07/2025 15:20|10/07/2025 16:39|Dir.1|Empresa 1|Reg 2|0|1|1|0|SIM-LINHA-000930
10/07/2025 00:00|11/07/2025 15:06|11/07/2025 16:04|Dir.1|Empresa 1|Reg 2|1|0|0|0|SIM-LINHA-000931
11/07/2025 00:00|12/07/2025 16:32|12/07/2025 17:17|Dir.1|Empresa 1|Reg 2|1|0|0|0|SIM-LINHA-000932
12/07/2025 00:00|13/07/2025 15:50|13/07/2025 16:02|Dir.1|Empresa 1|Reg 2|1|0|1|0|SIM-LINHA-000933
13/07/2025 00:00|14/07/2025 15:20|14/07/2025 16:52|Dir.1|Empresa 1|Reg 2|0|0|0|0|SIM-LINHA-000934
14/07/2025 00:00|15/07/2025 15:05|15/07/2025 16:12|Dir.1|Empresa 1|Reg 2|0|0|0|0|SIM-LINHA-000935
15/07/2025 00:00|16/07/2025 15:36|16/07/2025 17:31|Dir.1|Empresa 1|Reg 2|0|0|1|0|SIM-LINHA-000936
16/07/2025 00:00|17/07/2025 16:45|17/07/2025 18:30|Dir.1|Empresa 1|Reg 2|1|1|1|1|SIM-LINHA-000937
17/07/2025 00:00|18/07/2025 16:30|18/07/2025 17:35|Dir.1|Empresa 1|Reg 2|0|0|0|0|SIM-LINHA-000938
18/07/2025 00:00|19/07/2025 14:57|19/07/2025 16:20|Dir.1|Empresa 1|Reg 2|0|1|1|0|SIM-LINHA-000939
19/07/2025 00:00|20/07/2025 17:18|20/07/2025 19:08|Dir.1|Empresa 1|Reg 2|0|0|0|0|SIM-LINHA-000940
21/07/2025 00:00|21/07/2025 15:38|21/07/2025 17:08|Dir.1|Empresa 1|Reg 2|1|1|1|1|SIM-LINHA-000941
21/07/2025 00:00|22/07/2025 15:25|22/07/2025 15:35|Dir.1|Empresa 1|Reg 2|1|0|0|0|SIM-LINHA-000942
22/07/2025 00:00|23/07/2025 16:11|23/07/2025 17:47|Dir.1|Empresa 1|Reg 2|0|1|1|0|SIM-LINHA-000943
14/07/2025 00:00|24/07/2025 17:11|24/07/2025 18:42|Dir.1|Empresa 1|Reg 2|1|1|1|1|SIM-LINHA-000944
24/07/2025 00:00|25/07/2025 17:18|25/07/2025 17:31|Dir.1|Empresa 1|Reg 2|1|1|0|0|SIM-LINHA-000945
25/07/2025 00:00|26/07/2025 16:30|26/07/2025 18:11|Dir.1|Empresa 1|Reg 2|1|1|0|0|SIM-LINHA-000946
26/07/2025 00:00|27/07/2025 16:36|27/07/2025 17:02|Dir.1|Empresa 1|Reg 2|0|0|0|0|SIM-LINHA-000947
15/07/2025 00:00|28/07/2025 14:38|28/07/2025 15:58|Dir.1|Empresa 1|Reg 2|1|1|1|1|SIM-LINHA-000948
28/07/2025 00:00|29/07/2025 15:23|29/07/2025 16:45|Dir.1|Empresa 1|Reg 2|1|0|0|0|SIM-LINHA-000949
29/07/2025 00:00|30/07/2025 14:50|30/07/2025 16:38|Dir.1|Empresa 1|Reg 2|0|0|0|0|SIM-LINHA-000950
30/07/2025 00:00|31/07/2025 17:24|31/07/2025 19:06|Dir.1|Empresa 1|Reg 2|0|0|0|0|SIM-LINHA-000951
31/07/2025 00:00|01/08/2025 16:53|01/08/2025 18:00|Dir.1|Empresa 1|Reg 2|1|1|0|0|SIM-LINHA-000952
01/08/2025 00:00|02/08/2025 15:23|02/08/2025 17:03|Dir.1|Empresa 1|Reg 2|0|0|0|0|SIM-LINHA-000953
02/08/2025 00:00|03/08/2025 14:30|03/08/2025 16:17|Dir.1|Empresa 1|Reg 2|0|0|0|0|SIM-LINHA-000954
03/08/2025 00:00|04/08/2025 14:56|04/08/2025 15:03|Dir.1|Empresa 1|Reg 2|1|0|0|0|SIM-LINHA-000955
04/08/2025 00:00|05/08/2025 14:32|05/08/2025 15:36|Dir.1|Empresa 1|Reg 2|1|0|0|0|SIM-LINHA-000956
05/08/2025 00:00|06/08/2025 17:04|06/08/2025 17:32|Dir.1|Empresa 1|Reg 2|0|0|1|0|SIM-LINHA-000957
06/08/2025 00:00|07/08/2025 15:54|07/08/2025 17:36|Dir.1|Empresa 1|Reg 2|0|0|1|0|SIM-LINHA-000958
07/08/2025 00:00|08/08/2025 16:57|08/08/2025 18:19|Dir.1|Empresa 1|Reg 2|1|1|0|0|SIM-LINHA-000959
08/08/2025 00:00|09/08/2025 15:30|09/08/2025 15:31|Dir.1|Empresa 1|Reg 2|1|0|0|0|SIM-LINHA-000960
09/08/2025 00:00|10/08/2025 15:11|10/08/2025 15:16|Dir.1|Empresa 1|Reg 2|0|0|1|0|SIM-LINHA-000961
10/08/2025 00:00|11/08/2025 16:39|11/08/2025 17:03|Dir.1|Empresa 1|Reg 2|0|0|1|0|SIM-LINHA-000962
11/08/2025 00:00|12/08/2025 16:52|12/08/2025 17:27|Dir.1|Empresa 1|Reg 2|1|0|0|0|SIM-LINHA-000963
12/08/2025 00:00|13/08/2025 16:32|13/08/2025 17:30|Dir.1|Empresa 1|Reg 2|0|1|0|0|SIM-LINHA-000964
13/08/2025 00:00|14/08/2025 15:37|14/08/2025 15:53|Dir.1|Empresa 1|Reg 2|1|0|0|0|SIM-LINHA-000965
14/08/2025 00:00|15/08/2025 15:15|15/08/2025 17:14|Dir.1|Empresa 1|Reg 2|0|0|0|0|SIM-LINHA-000966
15/08/2025 00:00|16/08/2025 15:20|16/08/2025 15:26|Dir.1|Empresa 1|Reg 2|0|0|1|0|SIM-LINHA-000967
16/08/2025 00:00|17/08/2025 17:09|17/08/2025 18:14|Dir.1|Empresa 1|Reg 2|0|1|1|0|SIM-LINHA-000968
14/08/2025 00:00|18/08/2025 14:55|18/08/2025 15:26|Dir.1|Empresa 1|Reg 2|1|1|0|0|SIM-LINHA-000969
18/08/2025 00:00|19/08/2025 16:47|19/08/2025 17:58|Dir.1|Empresa 1|Reg 2|0|0|1|0|SIM-LINHA-000970
19/08/2025 00:00|20/08/2025 15:14|20/08/2025 16:02|Dir.1|Empresa 1|Reg 2|1|0|0|0|SIM-LINHA-000971
20/08/2025 00:00|21/08/2025 17:13|21/08/2025 18:16|Dir.1|Empresa 1|Reg 2|0|0|0|0|SIM-LINHA-000972
21/08/2025 00:00|22/08/2025 14:35|22/08/2025 16:03|Dir.1|Empresa 1|Reg 2|0|1|1|0|SIM-LINHA-000973
22/08/2025 00:00|23/08/2025 16:48|23/08/2025 17:53|Dir.1|Empresa 1|Reg 2|0|0|1|0|SIM-LINHA-000974
23/08/2025 00:00|24/08/2025 15:00|24/08/2025 15:11|Dir.1|Empresa 1|Reg 2|0|0|1|0|SIM-LINHA-000975
24/08/2025 00:00|25/08/2025 16:59|25/08/2025 18:09|Dir.1|Empresa 1|Reg 2|0|0|0|0|SIM-LINHA-000976
25/08/2025 00:00|26/08/2025 16:13|26/08/2025 16:28|Dir.1|Empresa 1|Reg 2|0|0|1|0|SIM-LINHA-000977
26/08/2025 00:00|27/08/2025 16:47|27/08/2025 17:54|Dir.1|Empresa 1|Reg 2|0|0|0|0|SIM-LINHA-000978
27/08/2025 00:00|28/08/2025 17:18|28/08/2025 17:46|Dir.1|Empresa 1|Reg 2|0|0|1|0|SIM-LINHA-000979
28/08/2025 00:00|29/08/2025 16:21|29/08/2025 17:59|Dir.1|Empresa 1|Reg 2|1|0|1|0|SIM-LINHA-000980
29/08/2025 00:00|30/08/2025 14:56|30/08/2025 16:30|Dir.1|Empresa 1|Reg 2|0|0|1|0|SIM-LINHA-000981
25/08/2025 00:00|31/08/2025 15:03|31/08/2025 16:14|Dir.1|Empresa 1|Reg 2|0|1|1|0|SIM-LINHA-000982
31/08/2025 00:00|01/09/2025 14:55|01/09/2025 15:17|Dir.1|Empresa 1|Reg 2|0|0|0|0|SIM-LINHA-000983
01/09/2025 00:00|02/09/2025 15:07|02/09/2025 16:33|Dir.1|Empresa 1|Reg 2|0|1|1|0|SIM-LINHA-000984
02/09/2025 00:00|03/09/2025 14:46|03/09/2025 15:07|Dir.1|Empresa 1|Reg 2|1|0|1|0|SIM-LINHA-000985
03/09/2025 00:00|04/09/2025 16:14|04/09/2025 17:01|Dir.1|Empresa 1|Reg 2|0|0|0|0|SIM-LINHA-000986
04/09/2025 00:00|05/09/2025 16:37|05/09/2025 16:51|Dir.1|Empresa 1|Reg 2|1|0|0|0|SIM-LINHA-000987
05/09/2025 00:00|06/09/2025 15:53|06/09/2025 16:30|Dir.1|Empresa 1|Reg 2|1|0|0|0|SIM-LINHA-000988
06/09/2025 00:00|07/09/2025 14:39|07/09/2025 15:52|Dir.1|Empresa 1|Reg 2|0|0|0|0|SIM-LINHA-000989
07/09/2025 00:00|08/09/2025 16:55|08/09/2025 18:03|Dir.1|Empresa 1|Reg 2|0|0|1|0|SIM-LINHA-000990
08/09/2025 00:00|09/09/2025 15:16|09/09/2025 15:32|Dir.1|Empresa 1|Reg 2|0|1|1|0|SIM-LINHA-000991
09/09/2025 00:00|10/09/2025 15:02|10/09/2025 16:04|Dir.1|Empresa 1|Reg 2|1|0|1|0|SIM-LINHA-000992
10/09/2025 00:00|11/09/2025 14:32|11/09/2025 16:20|Dir.1|Empresa 1|Reg 2|1|1|0|0|SIM-LINHA-000993
11/09/2025 00:00|12/09/2025 16:58|12/09/2025 17:35|Dir.1|Empresa 1|Reg 2|0|1|0|0|SIM-LINHA-000994
12/09/2025 00:00|13/09/2025 16:14|13/09/2025 16:28|Dir.1|Empresa 1|Reg 2|0|1|1|0|SIM-LINHA-000995
13/09/2025 00:00|14/09/2025 15:18|14/09/2025 16:14|Dir.1|Empresa 1|Reg 2|0|1|0|0|SIM-LINHA-000996
14/09/2025 00:00|15/09/2025 17:23|15/09/2025 18:55|Dir.1|Empresa 1|Reg 2|0|0|0|0|SIM-LINHA-000997
15/09/2025 00:00|16/09/2025 15:02|16/09/2025 15:46|Dir.1|Empresa 1|Reg 2|0|1|0|0|SIM-LINHA-000998
16/09/2025 00:00|17/09/2025 15:20|17/09/2025 16:38|Dir.1|Empresa 1|Reg 2|1|1|1|1|SIM-LINHA-000999
17/09/2025 00:00|18/09/2025 16:37|18/09/2025 18:03|Dir.1|Empresa 1|Reg 2|0|1|1|0|SIM-LINHA-001000
18/09/2025 00:00|19/09/2025 16:27|19/09/2025 17:50|Dir.1|Empresa 1|Reg 2|0|0|1|0|SIM-LINHA-001001
19/09/2025 00:00|20/09/2025 15:20|20/09/2025 16:45|Dir.1|Empresa 1|Reg 2|0|0|0|0|SIM-LINHA-001002
20/09/2025 00:00|21/09/2025 17:23|21/09/2025 18:56|Dir.1|Empresa 1|Reg 2|1|0|0|0|SIM-LINHA-001003
21/09/2025 00:00|22/09/2025 17:13|22/09/2025 18:25|Dir.1|Empresa 1|Reg 2|0|0|0|0|SIM-LINHA-001004
22/09/2025 00:00|23/09/2025 15:45|23/09/2025 15:51|Dir.1|Empresa 1|Reg 2|0|0|0|0|SIM-LINHA-001005
23/09/2025 00:00|24/09/2025 15:28|24/09/2025 16:43|Dir.1|Empresa 1|Reg 2|0|0|0|0|SIM-LINHA-001006
24/09/2025 00:00|25/09/2025 16:49|25/09/2025 18:25|Dir.1|Empresa 1|Reg 2|1|0|0|0|SIM-LINHA-001007
25/09/2025 00:00|26/09/2025 14:34|26/09/2025 14:59|Dir.1|Empresa 1|Reg 2|0|1|1|0|SIM-LINHA-001008
26/09/2025 00:00|27/09/2025 16:40|27/09/2025 16:59|Dir.1|Empresa 1|Reg 2|0|0|1|0|SIM-LINHA-001009
27/09/2025 00:00|28/09/2025 16:25|28/09/2025 18:14|Dir.1|Empresa 1|Reg 2|0|1|1|0|SIM-LINHA-001010
29/09/2025 00:00|29/09/2025 15:01|29/09/2025 17:01|Dir.1|Empresa 1|Reg 2|1|0|0|0|SIM-LINHA-001011
29/09/2025 00:00|30/09/2025 16:17|30/09/2025 17:04|Dir.1|Empresa 1|Reg 2|0|0|1|0|SIM-LINHA-001012
30/09/2025 00:00|01/10/2025 15:11|01/10/2025 15:53|Dir.1|Empresa 1|Reg 2|0|0|0|0|SIM-LINHA-001013
01/07/2025 00:00|02/07/2025 15:39|02/07/2025 17:07|Dir.1|Empresa 1|Reg 1|0|1|1|0|SIM-LINHA-001014
02/07/2025 00:00|03/07/2025 15:37|03/07/2025 17:36|Dir.1|Empresa 1|Reg 1|1|0|1|0|SIM-LINHA-001015
03/07/2025 00:00|04/07/2025 14:52|04/07/2025 15:15|Dir.1|Empresa 1|Reg 1|0|0|1|0|SIM-LINHA-001016
04/07/2025 00:00|05/07/2025 15:47|05/07/2025 16:09|Dir.1|Empresa 1|Reg 1|0|0|0|0|SIM-LINHA-001017
05/07/2025 00:00|06/07/2025 16:36|06/07/2025 17:36|Dir.1|Empresa 1|Reg 1|1|0|0|0|SIM-LINHA-001018
06/07/2025 00:00|07/07/2025 14:50|07/07/2025 16:36|Dir.1|Empresa 1|Reg 1|0|0|0|0|SIM-LINHA-001019
07/07/2025 00:00|08/07/2025 16:24|08/07/2025 17:46|Dir.1|Empresa 1|Reg 1|1|0|1|0|SIM-LINHA-001020
08/07/2025 00:00|09/07/2025 15:50|09/07/2025 17:11|Dir.1|Empresa 1|Reg 1|0|0|0|0|SIM-LINHA-001021
09/07/2025 00:00|10/07/2025 16:23|10/07/2025 17:44|Dir.1|Empresa 1|Reg 1|1|1|1|1|SIM-LINHA-001022
10/07/2025 00:00|11/07/2025 16:24|11/07/2025 16:30|Dir.1|Empresa 1|Reg 1|0|0|1|0|SIM-LINHA-001023
11/07/2025 00:00|12/07/2025 16:11|12/07/2025 17:46|Dir.1|Empresa 1|Reg 1|0|0|0|0|SIM-LINHA-001024
12/07/2025 00:00|13/07/2025 14:25|13/07/2025 14:57|Dir.1|Empresa 1|Reg 1|0|1|1|0|SIM-LINHA-001025
13/07/2025 00:00|14/07/2025 16:55|14/07/2025 17:05|Dir.1|Empresa 1|Reg 1|0|0|0|0|SIM-LINHA-001026
14/07/2025 00:00|15/07/2025 16:41|15/07/2025 17:40|Dir.1|Empresa 1|Reg 1|1|0|0|0|SIM-LINHA-001027
15/07/2025 00:00|16/07/2025 14:29|16/07/2025 15:35|Dir.1|Empresa 1|Reg 1|0|0|0|0|SIM-LINHA-001028
16/07/2025 00:00|17/07/2025 16:57|17/07/2025 18:43|Dir.1|Empresa 1|Reg 1|0|1|1|0|SIM-LINHA-001029
17/07/2025 00:00|18/07/2025 14:33|18/07/2025 14:35|Dir.1|Empresa 1|Reg 1|0|0|1|0|SIM-LINHA-001030
18/07/2025 00:00|19/07/2025 16:09|19/07/2025 16:45|Dir.1|Empresa 1|Reg 1|1|0|0|0|SIM-LINHA-001031
19/07/2025 00:00|20/07/2025 17:12|20/07/2025 19:07|Dir.1|Empresa 1|Reg 1|1|1|1|1|SIM-LINHA-001032
20/07/2025 00:00|21/07/2025 17:23|21/07/2025 19:18|Dir.1|Empresa 1|Reg 1|0|0|0|0|SIM-LINHA-001033
21/07/2025 00:00|22/07/2025 15:12|22/07/2025 15:40|Dir.1|Empresa 1|Reg 1|0|0|1|0|SIM-LINHA-001034
22/07/2025 00:00|23/07/2025 17:13|23/07/2025 18:47|Dir.1|Empresa 1|Reg 1|0|1|0|0|SIM-LINHA-001035
23/07/2025 00:00|24/07/2025 16:15|24/07/2025 17:15|Dir.1|Empresa 1|Reg 1|0|0|1|0|SIM-LINHA-001036
07/07/2025 00:00|25/07/2025 14:49|25/07/2025 15:33|Dir.1|Empresa 1|Reg 1|1|1|1|1|SIM-LINHA-001037
25/07/2025 00:00|26/07/2025 15:36|26/07/2025 17:04|Dir.1|Empresa 1|Reg 1|0|0|1|0|SIM-LINHA-001038
22/07/2025 00:00|27/07/2025 15:06|27/07/2025 15:22|Dir.1|Empresa 1|Reg 1|0|1|1|0|SIM-LINHA-001039
27/07/2025 00:00|28/07/2025 16:41|28/07/2025 17:05|Dir.1|Empresa 1|Reg 1|0|0|0|0|SIM-LINHA-001040
28/07/2025 00:00|29/07/2025 16:41|29/07/2025 18:11|Dir.1|Empresa 1|Reg 1|1|0|0|0|SIM-LINHA-001041
29/07/2025 00:00|30/07/2025 15:13|30/07/2025 16:20|Dir.1|Empresa 1|Reg 1|0|1|0|0|SIM-LINHA-001042
30/07/2025 00:00|31/07/2025 16:26|31/07/2025 17:31|Dir.1|Empresa 1|Reg 1|0|0|1|0|SIM-LINHA-001043
31/07/2025 00:00|01/08/2025 15:08|01/08/2025 16:54|Dir.1|Empresa 1|Reg 1|0|0|0|0|SIM-LINHA-001044
01/08/2025 00:00|02/08/2025 16:40|02/08/2025 18:35|Dir.1|Empresa 1|Reg 1|0|0|1|0|SIM-LINHA-001045
02/08/2025 00:00|03/08/2025 17:08|03/08/2025 18:19|Dir.1|Empresa 1|Reg 1|0|1|0|0|SIM-LINHA-001046
03/08/2025 00:00|04/08/2025 17:15|04/08/2025 18:02|Dir.1|Empresa 1|Reg 1|0|0|0|0|SIM-LINHA-001047
04/08/2025 00:00|05/08/2025 15:51|05/08/2025 17:28|Dir.1|Empresa 1|Reg 1|0|0|1|0|SIM-LINHA-001048
05/08/2025 00:00|06/08/2025 14:49|06/08/2025 15:37|Dir.1|Empresa 1|Reg 1|1|0|1|0|SIM-LINHA-001049
06/08/2025 00:00|07/08/2025 14:50|07/08/2025 15:40|Dir.1|Empresa 1|Reg 1|0|1|0|0|SIM-LINHA-001050
07/08/2025 00:00|08/08/2025 15:00|08/08/2025 15:08|Dir.1|Empresa 1|Reg 1|1|0|1|0|SIM-LINHA-001051
08/08/2025 00:00|09/08/2025 15:01|09/08/2025 16:41|Dir.1|Empresa 1|Reg 1|0|0|0|0|SIM-LINHA-001052
09/08/2025 00:00|10/08/2025 16:00|10/08/2025 16:06|Dir.1|Empresa 1|Reg 1|0|1|0|0|SIM-LINHA-001053
11/08/2025 00:00|11/08/2025 14:49|11/08/2025 14:52|Dir.1|Empresa 1|Reg 1|1|1|0|0|SIM-LINHA-001054
11/08/2025 00:00|12/08/2025 16:09|12/08/2025 16:40|Dir.1|Empresa 1|Reg 1|1|1|0|0|SIM-LINHA-001055
12/08/2025 00:00|13/08/2025 16:31|13/08/2025 17:35|Dir.1|Empresa 1|Reg 1|1|1|1|1|SIM-LINHA-001056
13/08/2025 00:00|14/08/2025 15:02|14/08/2025 16:24|Dir.1|Empresa 1|Reg 1|0|0|1|0|SIM-LINHA-001057
14/08/2025 00:00|15/08/2025 16:47|15/08/2025 16:48|Dir.1|Empresa 1|Reg 1|0|1|1|0|SIM-LINHA-001058
15/08/2025 00:00|16/08/2025 15:07|16/08/2025 15:36|Dir.1|Empresa 1|Reg 1|0|1|1|0|SIM-LINHA-001059
16/08/2025 00:00|17/08/2025 14:57|17/08/2025 15:15|Dir.1|Empresa 1|Reg 1|0|1|0|0|SIM-LINHA-001060
08/08/2025 00:00|18/08/2025 15:25|18/08/2025 16:02|Dir.1|Empresa 1|Reg 1|0|1|1|0|SIM-LINHA-001061
18/08/2025 00:00|19/08/2025 16:52|19/08/2025 18:45|Dir.1|Empresa 1|Reg 1|1|1|0|0|SIM-LINHA-001062
19/08/2025 00:00|20/08/2025 15:09|20/08/2025 15:25|Dir.1|Empresa 1|Reg 1|0|0|1|0|SIM-LINHA-001063
20/08/2025 00:00|21/08/2025 14:33|21/08/2025 16:04|Dir.1|Empresa 1|Reg 1|0|1|1|0|SIM-LINHA-001064
21/08/2025 00:00|22/08/2025 16:19|22/08/2025 16:37|Dir.1|Empresa 1|Reg 1|1|1|0|0|SIM-LINHA-001065
22/08/2025 00:00|23/08/2025 17:15|23/08/2025 17:50|Dir.1|Empresa 1|Reg 1|0|0|1|0|SIM-LINHA-001066
23/08/2025 00:00|24/08/2025 16:35|24/08/2025 17:53|Dir.1|Empresa 1|Reg 1|1|0|0|0|SIM-LINHA-001067
24/08/2025 00:00|25/08/2025 16:23|25/08/2025 17:49|Dir.1|Empresa 1|Reg 1|0|0|0|0|SIM-LINHA-001068
25/08/2025 00:00|26/08/2025 15:39|26/08/2025 17:28|Dir.1|Empresa 1|Reg 1|1|0|0|0|SIM-LINHA-001069
26/08/2025 00:00|27/08/2025 15:38|27/08/2025 16:08|Dir.1|Empresa 1|Reg 1|0|0|0|0|SIM-LINHA-001070
27/08/2025 00:00|28/08/2025 16:52|28/08/2025 17:27|Dir.1|Empresa 1|Reg 1|0|0|1|0|SIM-LINHA-001071
28/08/2025 00:00|29/08/2025 14:31|29/08/2025 14:50|Dir.1|Empresa 1|Reg 1|1|0|0|0|SIM-LINHA-001072
29/08/2025 00:00|30/08/2025 17:13|30/08/2025 18:42|Dir.1|Empresa 1|Reg 1|1|1|0|0|SIM-LINHA-001073
30/08/2025 00:00|31/08/2025 15:44|31/08/2025 16:55|Dir.1|Empresa 1|Reg 1|0|1|1|0|SIM-LINHA-001074
27/08/2025 00:00|01/09/2025 17:04|01/09/2025 17:57|Dir.1|Empresa 1|Reg 1|0|0|1|0|SIM-LINHA-001075
01/09/2025 00:00|02/09/2025 15:06|02/09/2025 15:55|Dir.1|Empresa 1|Reg 1|0|0|0|0|SIM-LINHA-001076
02/09/2025 00:00|03/09/2025 14:50|03/09/2025 15:13|Dir.1|Empresa 1|Reg 1|0|0|1|0|SIM-LINHA-001077
03/09/2025 00:00|04/09/2025 16:33|04/09/2025 17:20|Dir.1|Empresa 1|Reg 1|0|0|1|0|SIM-LINHA-001078
04/09/2025 00:00|05/09/2025 17:10|05/09/2025 18:50|Dir.1|Empresa 1|Reg 1|0|0|1|0|SIM-LINHA-001079
05/09/2025 00:00|06/09/2025 15:56|06/09/2025 17:26|Dir.1|Empresa 1|Reg 1|0|1|0|0|SIM-LINHA-001080
01/09/2025 00:00|07/09/2025 17:20|07/09/2025 17:33|Dir.1|Empresa 1|Reg 1|1|1|1|1|SIM-LINHA-001081
07/09/2025 00:00|08/09/2025 14:57|08/09/2025 15:46|Dir.1|Empresa 1|Reg 1|1|1|1|1|SIM-LINHA-001082
08/09/2025 00:00|09/09/2025 14:28|09/09/2025 14:37|Dir.1|Empresa 1|Reg 1|0|1|1|0|SIM-LINHA-001083
09/09/2025 00:00|10/09/2025 17:05|10/09/2025 17:46|Dir.1|Empresa 1|Reg 1|0|0|1|0|SIM-LINHA-001084
10/09/2025 00:00|11/09/2025 14:36|11/09/2025 15:32|Dir.1|Empresa 1|Reg 1|1|1|1|1|SIM-LINHA-001085
11/09/2025 00:00|12/09/2025 16:10|12/09/2025 17:10|Dir.1|Empresa 1|Reg 1|0|0|0|0|SIM-LINHA-001086
12/09/2025 00:00|13/09/2025 14:54|13/09/2025 15:34|Dir.1|Empresa 1|Reg 1|0|1|0|0|SIM-LINHA-001087
13/09/2025 00:00|14/09/2025 15:04|14/09/2025 15:11|Dir.1|Empresa 1|Reg 1|1|1|0|0|SIM-LINHA-001088
14/09/2025 00:00|15/09/2025 15:48|15/09/2025 16:01|Dir.1|Empresa 1|Reg 1|0|0|0|0|SIM-LINHA-001089
15/09/2025 00:00|16/09/2025 17:08|16/09/2025 18:12|Dir.1|Empresa 1|Reg 1|1|1|0|0|SIM-LINHA-001090
16/09/2025 00:00|17/09/2025 16:12|17/09/2025 17:45|Dir.1|Empresa 1|Reg 1|0|0|1|0|SIM-LINHA-001091
17/09/2025 00:00|18/09/2025 16:34|18/09/2025 16:50|Dir.1|Empresa 1|Reg 1|0|1|0|0|SIM-LINHA-001092
18/09/2025 00:00|19/09/2025 14:48|19/09/2025 16:11|Dir.1|Empresa 1|Reg 1|1|1|0|0|SIM-LINHA-001093
19/09/2025 00:00|20/09/2025 15:39|20/09/2025 16:21|Dir.1|Empresa 1|Reg 1|1|0|0|0|SIM-LINHA-001094
20/09/2025 00:00|21/09/2025 15:47|21/09/2025 17:05|Dir.1|Empresa 1|Reg 1|0|0|1|0|SIM-LINHA-001095
21/09/2025 00:00|22/09/2025 14:27|22/09/2025 15:37|Dir.1|Empresa 1|Reg 1|0|0|1|0|SIM-LINHA-001096
22/09/2025 00:00|23/09/2025 17:06|23/09/2025 17:31|Dir.1|Empresa 1|Reg 1|1|0|0|0|SIM-LINHA-001097
23/09/2025 00:00|24/09/2025 16:56|24/09/2025 18:37|Dir.1|Empresa 1|Reg 1|0|0|0|0|SIM-LINHA-001098
24/09/2025 00:00|25/09/2025 17:14|25/09/2025 18:56|Dir.1|Empresa 1|Reg 1|0|0|1|0|SIM-LINHA-001099
25/09/2025 00:00|26/09/2025 16:39|26/09/2025 17:52|Dir.1|Empresa 1|Reg 1|0|1|0|0|SIM-LINHA-001100
26/09/2025 00:00|27/09/2025 16:34|27/09/2025 17:08|Dir.1|Empresa 1|Reg 1|0|0|1|0|SIM-LINHA-001101
27/09/2025 00:00|28/09/2025 15:53|28/09/2025 16:30|Dir.1|Empresa 1|Reg 1|0|1|1|0|SIM-LINHA-001102
24/09/2025 00:00|29/09/2025 15:22|29/09/2025 16:10|Dir.1|Empresa 1|Reg 1|1|0|0|0|SIM-LINHA-001103
29/09/2025 00:00|30/09/2025 17:02|30/09/2025 18:43|Dir.1|Empresa 1|Reg 1|0|1|1|0|SIM-LINHA-001104
30/09/2025 00:00|01/10/2025 15:56|01/10/2025 16:26|Dir.1|Empresa 1|Reg 1|0|0|0|0|SIM-LINHA-001105
01/10/2025 00:00|02/10/2025 12:18||Dir.2|Empresa 3|Reg 9|0|0|1|0|SIM-LINHA-001106
01/10/2025 00:00|02/10/2025 10:48|02/10/2025 12:41|Dir.2|Empresa 3|Reg 9|1|1|1|1|SIM-LINHA-001107
01/10/2025 00:00|02/10/2025 15:42|02/10/2025 16:45|Dir.1|Empresa 1|Reg 2|0|0|1|0|SIM-LINHA-001108
01/10/2025 00:00|02/10/2025 09:05|02/10/2025 09:56|Dir.1|Empresa 2|Reg 5|1|0|1|0|SIM-LINHA-001109
01/10/2025 00:00|02/10/2025 17:34|02/10/2025 18:20|Dir.2|Empresa 3|Reg 10|0|1|1|0|SIM-LINHA-001110
01/10/2025 00:00|02/10/2025 09:25|02/10/2025 11:24|Dir.2|Empresa 3|Reg 10|0|0|1|0|SIM-LINHA-001111
01/10/2025 00:00|02/10/2025 08:55|02/10/2025 09:23|Dir.1|Empresa 2|Reg 6|0|0|1|0|SIM-LINHA-001112
01/10/2025 00:00|02/10/2025 15:41|02/10/2025 16:28|Dir.2|Empresa 3|Reg 11|1|1|0|0|SIM-LINHA-001113
01/10/2025 00:00|02/10/2025 11:43|02/10/2025 13:00|Dir.1|Empresa 3|Reg 4|0|0|1|0|SIM-LINHA-001114
01/10/2025 00:00|02/10/2025 15:21|02/10/2025 16:49|Dir.2|Empresa 3|Reg 11|0|0|1|0|SIM-LINHA-001115
01/10/2025 00:00|02/10/2025 08:54||Dir.1|Empresa 1|Reg 2|0|0|1|0|SIM-LINHA-001116
01/10/2025 00:00|02/10/2025 12:38||Dir.2|Empresa 3|Reg 10|1|1|0|0|SIM-LINHA-001117
02/10/2025 00:00|03/10/2025 10:24||Dir.1|Empresa 2|Reg 6|0|1|1|0|SIM-LINHA-001118
02/10/2025 00:00|03/10/2025 14:35|03/10/2025 15:08|Dir.2|Empresa 3|Reg 10|0|0|1|0|SIM-LINHA-001119
02/10/2025 00:00|03/10/2025 13:46|03/10/2025 16:40|Dir.2|Empresa 3|Reg 10|0|0|1|0|SIM-LINHA-001120
02/10/2025 00:00|03/10/2025 13:06|03/10/2025 15:07|Dir.1|Empresa 1|Reg 1|0|0|1|0|SIM-LINHA-001121
02/10/2025 00:00|03/10/2025 15:31|03/10/2025 18:16|Dir.1|Empresa 1|Reg 1|0|0|1|0|SIM-LINHA-001122
02/10/2025 00:00|03/10/2025 10:26|03/10/2025 11:07|Dir.1|Empresa 2|Reg 3|0|1|1|0|SIM-LINHA-001123
02/10/2025 00:00|03/10/2025 12:22|03/10/2025 13:46|Dir.2|Empresa 3|Reg 11|1|1|0|0|SIM-LINHA-001124
02/10/2025 00:00|03/10/2025 08:25|03/10/2025 10:00|Dir.2|Empresa 2|Reg 8|1|1|0|0|SIM-LINHA-001125
02/10/2025 00:00|03/10/2025 16:20|03/10/2025 18:27|Dir.1|Empresa 1|Reg 1|0|1|0|0|SIM-LINHA-001126
02/10/2025 00:00|03/10/2025 09:28|03/10/2025 12:28|Dir.1|Empresa 2|Reg 5|1|1|0|0|SIM-LINHA-001127
02/10/2025 00:00|03/10/2025 09:19||Dir.1|Empresa 2|Reg 3|0|1|0|0|SIM-LINHA-001128
02/10/2025 00:00|03/10/2025 12:42||Dir.1|Empresa 1|Reg 2|0|0|1|0|SIM-LINHA-001129
03/10/2025 00:00|04/10/2025 09:32||Dir.2|Empresa 2|Reg 8|1|0|0|0|SIM-LINHA-001130
03/10/2025 00:00|04/10/2025 08:04|04/10/2025 10:35|Dir.1|Empresa 1|Reg 2|0|0|1|0|SIM-LINHA-001131
01/10/2025 00:00|04/10/2025 10:53|04/10/2025 12:25|Dir.1|Empresa 2|Reg 5|1|0|1|0|SIM-LINHA-001132
03/10/2025 00:00|04/10/2025 10:55|04/10/2025 11:19|Dir.2|Empresa 3|Reg 10|1|0|1|0|SIM-LINHA-001133
03/10/2025 00:00|04/10/2025 09:34|04/10/2025 12:28|Dir.1|Empresa 3|Reg 4|0|1|1|0|SIM-LINHA-001134
03/10/2025 00:00|04/10/2025 13:03|04/10/2025 13:49|Dir.2|Empresa 2|Reg 8|1|0|0|0|SIM-LINHA-001135
03/10/2025 00:00|04/10/2025 10:29|04/10/2025 11:28|Dir.1|Empresa 2|Reg 6|0|0|1|0|SIM-LINHA-001136
03/10/2025 00:00|04/10/2025 13:06|04/10/2025 14:45|Dir.2|Empresa 2|Reg 7|0|0|1|0|SIM-LINHA-001137
03/10/2025 00:00|04/10/2025 09:44|04/10/2025 11:13|Dir.1|Empresa 3|Reg 4|0|0|1|0|SIM-LINHA-001138
03/10/2025 00:00|04/10/2025 14:53|04/10/2025 16:24|Dir.1|Empresa 3|Reg 4|0|0|1|0|SIM-LINHA-001139
03/10/2025 00:00|04/10/2025 09:04||Dir.2|Empresa 3|Reg 11|1|0|0|0|SIM-LINHA-001140
03/10/2025 00:00|04/10/2025 14:02||Dir.1|Empresa 3|Reg 4|0|1|1|0|SIM-LINHA-001141
04/10/2025 00:00|05/10/2025 15:27||Dir.2|Empresa 2|Reg 8|0|1|1|0|SIM-LINHA-001142
05/10/2025 00:00|05/10/2025 17:31|05/10/2025 18:07|Dir.2|Empresa 3|Reg 11|0|1|0|0|SIM-LINHA-001143
03/10/2025 00:00|05/10/2025 13:17|05/10/2025 15:02|Dir.1|Empresa 1|Reg 2|1|0|0|0|SIM-LINHA-001144
02/10/2025 00:00|05/10/2025 14:33|05/10/2025 14:59|Dir.2|Empresa 2|Reg 7|1|0|1|0|SIM-LINHA-001145
04/10/2025 00:00|05/10/2025 12:47|05/10/2025 14:22|Dir.2|Empresa 3|Reg 9|0|0|1|0|SIM-LINHA-001146
04/10/2025 00:00|05/10/2025 16:50|05/10/2025 18:32|Dir.1|Empresa 1|Reg 2|0|1|0|0|SIM-LINHA-001147
04/10/2025 00:00|05/10/2025 11:54|05/10/2025 12:56|Dir.2|Empresa 2|Reg 8|0|1|0|0|SIM-LINHA-001148
01/10/2025 00:00|05/10/2025 16:53|05/10/2025 18:29|Dir.1|Empresa 1|Reg 1|1|0|1|0|SIM-LINHA-001149
04/10/2025 00:00|05/10/2025 15:27|05/10/2025 16:34|Dir.2|Empresa 3|Reg 11|1|0|1|0|SIM-LINHA-001150
04/10/2025 00:00|05/10/2025 14:42|05/10/2025 16:06|Dir.2|Empresa 3|Reg 10|0|1|1|0|SIM-LINHA-001151
04/10/2025 00:00|05/10/2025 12:16||Dir.1|Empresa 3|Reg 4|0|1|1|0|SIM-LINHA-001152
04/10/2025 00:00|05/10/2025 09:54||Dir.2|Empresa 3|Reg 11|0|0|1|0|SIM-LINHA-001153
05/10/2025 00:00|06/10/2025 09:18||Dir.1|Empresa 2|Reg 6|1|0|1|0|SIM-LINHA-001154
06/10/2025 00:00|06/10/2025 13:00|06/10/2025 14:54|Dir.2|Empresa 3|Reg 11|0|0|1|0|SIM-LINHA-001155
06/10/2025 00:00|06/10/2025 16:10|06/10/2025 17:53|Dir.1|Empresa 1|Reg 1|0|0|1|0|SIM-LINHA-001156
06/10/2025 00:00|06/10/2025 17:47|06/10/2025 19:27|Dir.1|Empresa 3|Reg 4|1|1|1|1|SIM-LINHA-001157
06/10/2025 00:00|06/10/2025 10:00|06/10/2025 10:21|Dir.2|Empresa 3|Reg 10|0|0|1|0|SIM-LINHA-001158
06/10/2025 00:00|06/10/2025 11:39|06/10/2025 12:12|Dir.1|Empresa 2|Reg 3|0|1|0|0|SIM-LINHA-001159
06/10/2025 00:00|06/10/2025 15:30|06/10/2025 17:14|Dir.1|Empresa 1|Reg 2|1|0|0|0|SIM-LINHA-001160
06/10/2025 00:00|06/10/2025 09:40|06/10/2025 10:15|Dir.2|Empresa 3|Reg 10|0|1|0|0|SIM-LINHA-001161
06/10/2025 00:00|06/10/2025 14:06|06/10/2025 15:23|Dir.1|Empresa 1|Reg 1|0|0|1|0|SIM-LINHA-001162
05/10/2025 00:00|06/10/2025 11:42|06/10/2025 12:08|Dir.1|Empresa 2|Reg 6|0|1|0|0|SIM-LINHA-001163
06/10/2025 00:00|06/10/2025 09:38||Dir.1|Empresa 1|Reg 2|0|1|1|0|SIM-LINHA-001164
05/10/2025 00:00|06/10/2025 17:04||Dir.2|Empresa 3|Reg 9|0|0|1|0|SIM-LINHA-001165
06/10/2025 00:00|07/10/2025 15:12||Dir.1|Empresa 1|Reg 2|0|0|0|0|SIM-LINHA-001166
06/10/2025 00:00|07/10/2025 09:42|07/10/2025 12:22|Dir.1|Empresa 2|Reg 5|1|0|1|0|SIM-LINHA-001167
07/10/2025 00:00|07/10/2025 16:48|07/10/2025 17:40|Dir.1|Empresa 1|Reg 2|0|1|0|0|SIM-LINHA-001168
06/10/2025 00:00|07/10/2025 12:22|07/10/2025 13:49|Dir.1|Empresa 2|Reg 3|0|1|1|0|SIM-LINHA-001169
07/10/2025 00:00|07/10/2025 16:45|07/10/2025 19:40|Dir.2|Empresa 2|Reg 7|0|1|0|0|SIM-LINHA-001170
07/10/2025 00:00|07/10/2025 17:40|07/10/2025 18:30|Dir.1|Empresa 2|Reg 5|1|0|0|0|SIM-LINHA-001171
07/10/2025 00:00|07/10/2025 11:18|07/10/2025 13:11|Dir.2|Empresa 3|Reg 9|1|1|1|1|SIM-LINHA-001172
06/10/2025 00:00|07/10/2025 12:52|07/10/2025 14:09|Dir.1|Empresa 1|Reg 2|1|0|1|0|SIM-LINHA-001173
06/10/2025 00:00|07/10/2025 08:39|07/10/2025 09:30|Dir.1|Empresa 3|Reg 4|1|0|1|0|SIM-LINHA-001174
07/10/2025 00:00|07/10/2025 17:39|07/10/2025 19:20|Dir.2|Empresa 3|Reg 11|0|0|1|0|SIM-LINHA-001175
06/10/2025 00:00|07/10/2025 16:17||Dir.2|Empresa 2|Reg 7|0|1|1|0|SIM-LINHA-001176
07/10/2025 00:00|07/10/2025 11:52||Dir.1|Empresa 2|Reg 5|0|1|0|0|SIM-LINHA-001177
07/10/2025 00:00|08/10/2025 12:47||Dir.1|Empresa 3|Reg 4|1|1|1|1|SIM-LINHA-001178
08/10/2025 00:00|08/10/2025 17:56|08/10/2025 19:28|Dir.1|Empresa 1|Reg 2|0|1|1|0|SIM-LINHA-001179
07/10/2025 00:00|08/10/2025 08:34|08/10/2025 09:59|Dir.1|Empresa 2|Reg 6|1|1|0|0|SIM-LINHA-001180
08/10/2025 00:00|08/10/2025 12:14|08/10/2025 13:52|Dir.1|Empresa 1|Reg 2|0|0|1|0|SIM-LINHA-001181
08/10/2025 00:00|08/10/2025 09:09|08/10/2025 09:55|Dir.1|Empresa 1|Reg 1|0|0|1|0|SIM-LINHA-001182
07/10/2025 00:00|08/10/2025 14:42|08/10/2025 15:37|Dir.2|Empresa 2|Reg 7|0|0|0|0|SIM-LINHA-001183
07/10/2025 00:00|08/10/2025 08:08|08/10/2025 08:39|Dir.2|Empresa 3|Reg 10|1|1|0|0|SIM-LINHA-001184
07/10/2025 00:00|08/10/2025 15:13|08/10/2025 15:58|Dir.1|Empresa 2|Reg 6|1|1|1|1|SIM-LINHA-001185
08/10/2025 00:00|08/10/2025 11:30|08/10/2025 13:27|Dir.2|Empresa 3|Reg 11|0|1|0|0|SIM-LINHA-001186
07/10/2025 00:00|08/10/2025 08:40|08/10/2025 09:14|Dir.1|Empresa 1|Reg 2|0|1|1|0|SIM-LINHA-001187
07/10/2025 00:00|08/10/2025 08:18||Dir.2|Empresa 3|Reg 10|0|0|1|0|SIM-LINHA-001188
07/10/2025 00:00|08/10/2025 08:41||Dir.2|Empresa 3|Reg 9|1|0|1|0|SIM-LINHA-001189
08/10/2025 00:00|09/10/2025 15:44||Dir.2|Empresa 3|Reg 10|1|0|0|0|SIM-LINHA-001190
08/10/2025 00:00|09/10/2025 13:47|09/10/2025 15:44|Dir.1|Empresa 2|Reg 6|0|0|1|0|SIM-LINHA-001191
09/10/2025 00:00|09/10/2025 17:28|09/10/2025 19:30|Dir.2|Empresa 3|Reg 11|0|1|1|0|SIM-LINHA-001192
08/10/2025 00:00|09/10/2025 17:53|09/10/2025 19:02|Dir.2|Empresa 3|Reg 10|1|1|0|0|SIM-LINHA-001193
08/10/2025 00:00|09/10/2025 10:26|09/10/2025 12:20|Dir.1|Empresa 1|Reg 1|0|0|1|0|SIM-LINHA-001194
06/10/2025 00:00|09/10/2025 13:45|09/10/2025 15:02|Dir.1|Empresa 2|Reg 5|1|1|1|1|SIM-LINHA-001195
08/10/2025 00:00|09/10/2025 12:28|09/10/2025 13:02|Dir.1|Empresa 2|Reg 6|0|1|1|0|SIM-LINHA-001196
08/10/2025 00:00|09/10/2025 09:31|09/10/2025 11:30|Dir.2|Empresa 3|Reg 9|1|0|0|0|SIM-LINHA-001197
08/10/2025 00:00|09/10/2025 17:35|09/10/2025 20:05|Dir.1|Empresa 1|Reg 2|0|1|1|0|SIM-LINHA-001198
08/10/2025 00:00|09/10/2025 16:40|09/10/2025 17:48|Dir.1|Empresa 2|Reg 5|0|0|0|0|SIM-LINHA-001199
08/10/2025 00:00|09/10/2025 08:34||Dir.1|Empresa 2|Reg 5|0|0|1|0|SIM-LINHA-001200
08/10/2025 00:00|09/10/2025 13:47||Dir.1|Empresa 2|Reg 5|1|0|1|0|SIM-LINHA-001201
09/10/2025 00:00|10/10/2025 15:49||Dir.2|Empresa 3|Reg 11|1|0|1|0|SIM-LINHA-001202
09/10/2025 00:00|10/10/2025 10:44|10/10/2025 12:43|Dir.1|Empresa 2|Reg 5|1|0|1|0|SIM-LINHA-001203
09/10/2025 00:00|10/10/2025 14:58|10/10/2025 15:50|Dir.2|Empresa 3|Reg 9|0|0|0|0|SIM-LINHA-001204
09/10/2025 00:00|10/10/2025 09:27|10/10/2025 11:00|Dir.2|Empresa 3|Reg 10|0|0|1|0|SIM-LINHA-001205
09/10/2025 00:00|10/10/2025 16:31|10/10/2025 17:12|Dir.2|Empresa 2|Reg 8|0|1|1|0|SIM-LINHA-001206
09/10/2025 00:00|10/10/2025 10:13|10/10/2025 13:13|Dir.1|Empresa 2|Reg 6|1|1|0|0|SIM-LINHA-001207
09/10/2025 00:00|10/10/2025 11:16|10/10/2025 11:43|Dir.1|Empresa 2|Reg 3|0|0|1|0|SIM-LINHA-001208
09/10/2025 00:00|10/10/2025 15:29|10/10/2025 15:56|Dir.2|Empresa 3|Reg 9|1|1|1|1|SIM-LINHA-001209
09/10/2025 00:00|10/10/2025 10:09|10/10/2025 11:24|Dir.2|Empresa 3|Reg 10|0|0|0|0|SIM-LINHA-001210
09/10/2025 00:00|10/10/2025 15:31|10/10/2025 17:19|Dir.2|Empresa 3|Reg 10|0|0|1|0|SIM-LINHA-001211
09/10/2025 00:00|10/10/2025 14:36||Dir.2|Empresa 2|Reg 8|0|0|1|0|SIM-LINHA-001212
09/10/2025 00:00|10/10/2025 09:57||Dir.2|Empresa 3|Reg 9|0|0|1|0|SIM-LINHA-001213
10/10/2025 00:00|11/10/2025 16:40||Dir.2|Empresa 3|Reg 11|1|1|0|0|SIM-LINHA-001214
10/10/2025 00:00|11/10/2025 11:54||Dir.1|Empresa 3|Reg 4|0|1|0|0|SIM-LINHA-001215
10/10/2025 00:00|11/10/2025 17:20||Dir.1|Empresa 3|Reg 4|0|0|1|0|SIM-LINHA-001216
10/10/2025 00:00|11/10/2025 15:15||Dir.1|Empresa 1|Reg 1|1|0|1|0|SIM-LINHA-001217
10/10/2025 00:00|11/10/2025 17:12||Dir.1|Empresa 2|Reg 3|0|0|0|0|SIM-LINHA-001218
10/10/2025 00:00|11/10/2025 13:42||Dir.1|Empresa 1|Reg 1|0|1|1|0|SIM-LINHA-001219
10/10/2025 00:00|11/10/2025 14:43||Dir.2|Empresa 3|Reg 9|0|0|1|0|SIM-LINHA-001220
10/10/2025 00:00|11/10/2025 08:44||Dir.2|Empresa 2|Reg 7|0|1|1|0|SIM-LINHA-001221
10/10/2025 00:00|11/10/2025 10:15||Dir.2|Empresa 3|Reg 10|0|0|0|0|SIM-LINHA-001222
10/10/2025 00:00|11/10/2025 09:44||Dir.2|Empresa 3|Reg 10|0|1|0|0|SIM-LINHA-001223
10/10/2025 00:00|11/10/2025 08:18||Dir.2|Empresa 3|Reg 11|0|0|1|0|SIM-LINHA-001224
10/10/2025 00:00|11/10/2025 17:26||Dir.1|Empresa 3|Reg 4|0|0|1|0|SIM-LINHA-001225
